image_id,patient_id,binary_pathology,true_label,predicted_label,outcome,saved_probability,gradcam_probability,probability_difference,classification_confidence,gradcam_peak_x,gradcam_peak_y,preprocessed_path,heatmap_path,overlay_path
978baeae-f2a1-4931-b371-3a981040a7b4,P_00993,MALIGNANT,1,1,TP,0.98252195,0.9825219511985779,1.1985779035939004e-09,0.98252195,271,272,/Users/gibionmakiwa/MyDocuments/610MtSundanceBayW/University_of_London_Computer_Science_BSc/CM3070_Computer_Science_Final_Project/multimodal-mammography-xai/data/processed/cbis_ddsm/model_input/full_mammograms_v4/test/P_00993_RIGHT_MLO_978baeae.jpg,/Users/gibionmakiwa/MyDocuments/610MtSundanceBayW/University_of_London_Computer_Science_BSc/CM3070_Computer_Science_Final_Project/multimodal-mammography-xai/results/resnet50v2_finetuned/gradcam/heatmaps/TP_P_00993_978baeae-f2a1-4931-b371-3a981040a7b4_heatmap.png,/Users/gibionmakiwa/MyDocuments/610MtSundanceBayW/University_of_London_Computer_Science_BSc/CM3070_Computer_Science_Final_Project/multimodal-mammography-xai/results/resnet50v2_finetuned/gradcam/overlays/TP_P_00993_978baeae-f2a1-4931-b371-3a981040a7b4_overlay.png
6c046ec0-a900-4d85-a4cd-cc94584d5c96,P_01741,MALIGNANT,1,1,TP,0.97810006,0.978100061416626,1.416625927674886e-09,0.97810006,208,335,/Users/gibionmakiwa/MyDocuments/610MtSundanceBayW/University_of_London_Computer_Science_BSc/CM3070_Computer_Science_Final_Project/multimodal-mammography-xai/data/processed/cbis_ddsm/model_input/full_mammograms_v4/test/P_01741_LEFT_CC_6c046ec0.jpg,/Users/gibionmakiwa/MyDocuments/610MtSundanceBayW/University_of_London_Computer_Science_BSc/CM3070_Computer_Science_Final_Project/multimodal-mammography-xai/results/resnet50v2_finetuned/gradcam/heatmaps/TP_P_01741_6c046ec0-a900-4d85-a4cd-cc94584d5c96_heatmap.png,/Users/gibionmakiwa/MyDocuments/610MtSundanceBayW/University_of_London_Computer_Science_BSc/CM3070_Computer_Science_Final_Project/multimodal-mammography-xai/results/resnet50v2_finetuned/gradcam/overlays/TP_P_01741_6c046ec0-a900-4d85-a4cd-cc94584d5c96_overlay.png
1330935a-51e0-4f7c-bfdd-1f6eeb7c3213,P_00753,MALIGNANT,1,1,TP,0.9591037,0.9591037034988403,3.49884032857517e-09,0.9591037,176,272,/Users/gibionmakiwa/MyDocuments/610MtSundanceBayW/University_of_London_Computer_Science_BSc/CM3070_Computer_Science_Final_Project/multimodal-mammography-xai/data/processed/cbis_ddsm/model_input/full_mammograms_v4/test/P_00753_RIGHT_CC_1330935a.jpg,/Users/gibionmakiwa/MyDocuments/610MtSundanceBayW/University_of_London_Computer_Science_BSc/CM3070_Computer_Science_Final_Project/multimodal-mammography-xai/results/resnet50v2_finetuned/gradcam/heatmaps/TP_P_00753_1330935a-51e0-4f7c-bfdd-1f6eeb7c3213_heatmap.png,/Users/gibionmakiwa/MyDocuments/610MtSundanceBayW/University_of_London_Computer_Science_BSc/CM3070_Computer_Science_Final_Project/multimodal-mammography-xai/results/resnet50v2_finetuned/gradcam/overlays/TP_P_00753_1330935a-51e0-4f7c-bfdd-1f6eeb7c3213_overlay.png
6e34b589-7d44-4187-8381-4e41a9f1edea,P_01418,MALIGNANT,1,1,TP,0.9515577,0.9515576362609863,6.373901362266565e-08,0.9515577,399,80,/Users/gibionmakiwa/MyDocuments/610MtSundanceBayW/University_of_London_Computer_Science_BSc/CM3070_Computer_Science_Final_Project/multimodal-mammography-xai/data/processed/cbis_ddsm/model_input/full_mammograms_v4/test/P_01418_RIGHT_CC_6e34b589.jpg,/Users/gibionmakiwa/MyDocuments/610MtSundanceBayW/University_of_London_Computer_Science_BSc/CM3070_Computer_Science_Final_Project/multimodal-mammography-xai/results/resnet50v2_finetuned/gradcam/heatmaps/TP_P_01418_6e34b589-7d44-4187-8381-4e41a9f1edea_heatmap.png,/Users/gibionmakiwa/MyDocuments/610MtSundanceBayW/University_of_London_Computer_Science_BSc/CM3070_Computer_Science_Final_Project/multimodal-mammography-xai/results/resnet50v2_finetuned/gradcam/overlays/TP_P_01418_6e34b589-7d44-4187-8381-4e41a9f1edea_overlay.png
439208f4-216a-4ffe-9eb9-61ed7e4e87c8,P_00993,MALIGNANT,1,1,TP,0.9432852,0.9432851672172546,3.2782745407189395e-08,0.9432852,399,80,/Users/gibionmakiwa/MyDocuments/610MtSundanceBayW/University_of_London_Computer_Science_BSc/CM3070_Computer_Science_Final_Project/multimodal-mammography-xai/data/processed/cbis_ddsm/model_input/full_mammograms_v4/test/P_00993_RIGHT_CC_439208f4.jpg,/Users/gibionmakiwa/MyDocuments/610MtSundanceBayW/University_of_London_Computer_Science_BSc/CM3070_Computer_Science_Final_Project/multimodal-mammography-xai/results/resnet50v2_finetuned/gradcam/heatmaps/TP_P_00993_439208f4-216a-4ffe-9eb9-61ed7e4e87c8_heatmap.png,/Users/gibionmakiwa/MyDocuments/610MtSundanceBayW/University_of_London_Computer_Science_BSc/CM3070_Computer_Science_Final_Project/multimodal-mammography-xai/results/resnet50v2_finetuned/gradcam/overlays/TP_P_00993_439208f4-216a-4ffe-9eb9-61ed7e4e87c8_overlay.png
93eeaaa6-453f-4b3d-861c-6492e5d1c938,P_00425,BENIGN,0,0,TN,0.032495435,0.032495465129613876,3.0129613873275396e-08,0.967504565,80,208,/Users/gibionmakiwa/MyDocuments/610MtSundanceBayW/University_of_London_Computer_Science_BSc/CM3070_Computer_Science_Final_Project/multimodal-mammography-xai/data/processed/cbis_ddsm/model_input/full_mammograms_v4/test/P_00425_RIGHT_MLO_93eeaaa6.jpg,/Users/gibionmakiwa/MyDocuments/610MtSundanceBayW/University_of_London_Computer_Science_BSc/CM3070_Computer_Science_Final_Project/multimodal-mammography-xai/results/resnet50v2_finetuned/gradcam/heatmaps/TN_P_00425_93eeaaa6-453f-4b3d-861c-6492e5d1c938_heatmap.png,/Users/gibionmakiwa/MyDocuments/610MtSundanceBayW/University_of_London_Computer_Science_BSc/CM3070_Computer_Science_Final_Project/multimodal-mammography-xai/results/resnet50v2_finetuned/gradcam/overlays/TN_P_00425_93eeaaa6-453f-4b3d-861c-6492e5d1c938_overlay.png
69b7e3f4-221d-4ef5-a508-ea85b7667bc0,P_00510,BENIGN,0,0,TN,0.033870444,0.033870454877614975,1.0877614975424166e-08,0.9661295560000001,335,496,/Users/gibionmakiwa/MyDocuments/610MtSundanceBayW/University_of_London_Computer_Science_BSc/CM3070_Computer_Science_Final_Project/multimodal-mammography-xai/data/processed/cbis_ddsm/model_input/full_mammograms_v4/test/P_00510_RIGHT_MLO_69b7e3f4.jpg,/Users/gibionmakiwa/MyDocuments/610MtSundanceBayW/University_of_London_Computer_Science_BSc/CM3070_Computer_Science_Final_Project/multimodal-mammography-xai/results/resnet50v2_finetuned/gradcam/heatmaps/TN_P_00510_69b7e3f4-221d-4ef5-a508-ea85b7667bc0_heatmap.png,/Users/gibionmakiwa/MyDocuments/610MtSundanceBayW/University_of_London_Computer_Science_BSc/CM3070_Computer_Science_Final_Project/multimodal-mammography-xai/results/resnet50v2_finetuned/gradcam/overlays/TN_P_00510_69b7e3f4-221d-4ef5-a508-ea85b7667bc0_overlay.png
cc7da04a-3c87-46f7-bbbc-75d1c1cef6e6,P_00208,BENIGN,0,0,TN,0.045419723,0.04541972279548645,2.0451355192685483e-10,0.954580277,304,496,/Users/gibionmakiwa/MyDocuments/610MtSundanceBayW/University_of_London_Computer_Science_BSc/CM3070_Computer_Science_Final_Project/multimodal-mammography-xai/data/processed/cbis_ddsm/model_input/full_mammograms_v4/test/P_00208_RIGHT_MLO_cc7da04a.jpg,/Users/gibionmakiwa/MyDocuments/610MtSundanceBayW/University_of_London_Computer_Science_BSc/CM3070_Computer_Science_Final_Project/multimodal-mammography-xai/results/resnet50v2_finetuned/gradcam/heatmaps/TN_P_00208_cc7da04a-3c87-46f7-bbbc-75d1c1cef6e6_heatmap.png,/Users/gibionmakiwa/MyDocuments/610MtSundanceBayW/University_of_London_Computer_Science_BSc/CM3070_Computer_Science_Final_Project/multimodal-mammography-xai/results/resnet50v2_finetuned/gradcam/overlays/TN_P_00208_cc7da04a-3c87-46f7-bbbc-75d1c1cef6e6_overlay.png
94ac7994-9ab3-4fbf-a109-5fb5de833031,P_00208,BENIGN,0,0,TN,0.045419723,0.04541972279548645,2.0451355192685483e-10,0.954580277,304,496,/Users/gibionmakiwa/MyDocuments/610MtSundanceBayW/University_of_London_Computer_Science_BSc/CM3070_Computer_Science_Final_Project/multimodal-mammography-xai/data/processed/cbis_ddsm/model_input/full_mammograms_v4/test/P_00208_RIGHT_MLO_94ac7994.jpg,/Users/gibionmakiwa/MyDocuments/610MtSundanceBayW/University_of_London_Computer_Science_BSc/CM3070_Computer_Science_Final_Project/multimodal-mammography-xai/results/resnet50v2_finetuned/gradcam/heatmaps/TN_P_00208_94ac7994-9ab3-4fbf-a109-5fb5de833031_heatmap.png,/Users/gibionmakiwa/MyDocuments/610MtSundanceBayW/University_of_London_Computer_Science_BSc/CM3070_Computer_Science_Final_Project/multimodal-mammography-xai/results/resnet50v2_finetuned/gradcam/overlays/TN_P_00208_94ac7994-9ab3-4fbf-a109-5fb5de833031_overlay.png
98129de0-bd23-4cb3-a356-aa14484412d8,P_00425,BENIGN,0,0,TN,0.05170524,0.051705267280340195,2.728034019516823e-08,0.94829476,208,175,/Users/gibionmakiwa/MyDocuments/610MtSundanceBayW/University_of_London_Computer_Science_BSc/CM3070_Computer_Science_Final_Project/multimodal-mammography-xai/data/processed/cbis_ddsm/model_input/full_mammograms_v4/test/P_00425_RIGHT_CC_98129de0.jpg,/Users/gibionmakiwa/MyDocuments/610MtSundanceBayW/University_of_London_Computer_Science_BSc/CM3070_Computer_Science_Final_Project/multimodal-mammography-xai/results/resnet50v2_finetuned/gradcam/heatmaps/TN_P_00425_98129de0-bd23-4cb3-a356-aa14484412d8_heatmap.png,/Users/gibionmakiwa/MyDocuments/610MtSundanceBayW/University_of_London_Computer_Science_BSc/CM3070_Computer_Science_Final_Project/multimodal-mammography-xai/results/resnet50v2_finetuned/gradcam/overlays/TN_P_00425_98129de0-bd23-4cb3-a356-aa14484412d8_overlay.png
c9a6541b-7f5f-486c-b731-7f66244194c7,P_02584,BENIGN,0,1,FP,0.9052832,0.9052832722663879,7.226638798485396e-08,0.9052832,400,111,/Users/gibionmakiwa/MyDocuments/610MtSundanceBayW/University_of_London_Computer_Science_BSc/CM3070_Computer_Science_Final_Project/multimodal-mammography-xai/data/processed/cbis_ddsm/model_input/full_mammograms_v4/test/P_02584_LEFT_CC_c9a6541b.jpg,/Users/gibionmakiwa/MyDocuments/610MtSundanceBayW/University_of_London_Computer_Science_BSc/CM3070_Computer_Science_Final_Project/multimodal-mammography-xai/results/resnet50v2_finetuned/gradcam/heatmaps/FP_P_02584_c9a6541b-7f5f-486c-b731-7f66244194c7_heatmap.png,/Users/gibionmakiwa/MyDocuments/610MtSundanceBayW/University_of_London_Computer_Science_BSc/CM3070_Computer_Science_Final_Project/multimodal-mammography-xai/results/resnet50v2_finetuned/gradcam/overlays/FP_P_02584_c9a6541b-7f5f-486c-b731-7f66244194c7_overlay.png
d726bacb-6e91-4797-99ea-b975c513c4b6,P_02498,BENIGN,0,1,FP,0.8955094,0.8955092430114746,1.5698852540158015e-07,0.8955094,240,175,/Users/gibionmakiwa/MyDocuments/610MtSundanceBayW/University_of_London_Computer_Science_BSc/CM3070_Computer_Science_Final_Project/multimodal-mammography-xai/data/processed/cbis_ddsm/model_input/full_mammograms_v4/test/P_02498_RIGHT_CC_d726bacb.jpg,/Users/gibionmakiwa/MyDocuments/610MtSundanceBayW/University_of_London_Computer_Science_BSc/CM3070_Computer_Science_Final_Project/multimodal-mammography-xai/results/resnet50v2_finetuned/gradcam/heatmaps/FP_P_02498_d726bacb-6e91-4797-99ea-b975c513c4b6_heatmap.png,/Users/gibionmakiwa/MyDocuments/610MtSundanceBayW/University_of_London_Computer_Science_BSc/CM3070_Computer_Science_Final_Project/multimodal-mammography-xai/results/resnet50v2_finetuned/gradcam/overlays/FP_P_02498_d726bacb-6e91-4797-99ea-b975c513c4b6_overlay.png
be1586a7-bedf-480e-9f89-baad28c6102a,P_00246,BENIGN,0,1,FP,0.87781614,0.8778162598609924,1.1986099246463766e-07,0.87781614,112,112,/Users/gibionmakiwa/MyDocuments/610MtSundanceBayW/University_of_London_Computer_Science_BSc/CM3070_Computer_Science_Final_Project/multimodal-mammography-xai/data/processed/cbis_ddsm/model_input/full_mammograms_v4/test/P_00246_RIGHT_MLO_be1586a7.jpg,/Users/gibionmakiwa/MyDocuments/610MtSundanceBayW/University_of_London_Computer_Science_BSc/CM3070_Computer_Science_Final_Project/multimodal-mammography-xai/results/resnet50v2_finetuned/gradcam/heatmaps/FP_P_00246_be1586a7-bedf-480e-9f89-baad28c6102a_heatmap.png,/Users/gibionmakiwa/MyDocuments/610MtSundanceBayW/University_of_London_Computer_Science_BSc/CM3070_Computer_Science_Final_Project/multimodal-mammography-xai/results/resnet50v2_finetuned/gradcam/overlays/FP_P_00246_be1586a7-bedf-480e-9f89-baad28c6102a_overlay.png
1303e1d5-07d5-4caf-a908-c6110b643286,P_00112,BENIGN,0,1,FP,0.86560327,0.865603506565094,2.3656509395841852e-07,0.86560327,367,79,/Users/gibionmakiwa/MyDocuments/610MtSundanceBayW/University_of_London_Computer_Science_BSc/CM3070_Computer_Science_Final_Project/multimodal-mammography-xai/data/processed/cbis_ddsm/model_input/full_mammograms_v4/test/P_00112_LEFT_CC_1303e1d5.jpg,/Users/gibionmakiwa/MyDocuments/610MtSundanceBayW/University_of_London_Computer_Science_BSc/CM3070_Computer_Science_Final_Project/multimodal-mammography-xai/results/resnet50v2_finetuned/gradcam/heatmaps/FP_P_00112_1303e1d5-07d5-4caf-a908-c6110b643286_heatmap.png,/Users/gibionmakiwa/MyDocuments/610MtSundanceBayW/University_of_London_Computer_Science_BSc/CM3070_Computer_Science_Final_Project/multimodal-mammography-xai/results/resnet50v2_finetuned/gradcam/overlays/FP_P_00112_1303e1d5-07d5-4caf-a908-c6110b643286_overlay.png
6b2c645d-67e9-49dc-af5a-0c8d46b94209,P_01639,BENIGN,0,1,FP,0.85173666,0.8517367243766785,6.437667843250949e-08,0.85173666,239,144,/Users/gibionmakiwa/MyDocuments/610MtSundanceBayW/University_of_London_Computer_Science_BSc/CM3070_Computer_Science_Final_Project/multimodal-mammography-xai/data/processed/cbis_ddsm/model_input/full_mammograms_v4/test/P_01639_RIGHT_CC_6b2c645d.jpg,/Users/gibionmakiwa/MyDocuments/610MtSundanceBayW/University_of_London_Computer_Science_BSc/CM3070_Computer_Science_Final_Project/multimodal-mammography-xai/results/resnet50v2_finetuned/gradcam/heatmaps/FP_P_01639_6b2c645d-67e9-49dc-af5a-0c8d46b94209_heatmap.png,/Users/gibionmakiwa/MyDocuments/610MtSundanceBayW/University_of_London_Computer_Science_BSc/CM3070_Computer_Science_Final_Project/multimodal-mammography-xai/results/resnet50v2_finetuned/gradcam/overlays/FP_P_01639_6b2c645d-67e9-49dc-af5a-0c8d46b94209_overlay.png
479ad26f-4902-4bcb-89bd-20446cc91e33,P_00201,MALIGNANT,1,0,FN,0.080422245,0.0804222971200943,5.212009429600428e-08,0.9195777549999999,367,0,/Users/gibionmakiwa/MyDocuments/610MtSundanceBayW/University_of_London_Computer_Science_BSc/CM3070_Computer_Science_Final_Project/multimodal-mammography-xai/data/processed/cbis_ddsm/model_input/full_mammograms_v4/test/P_00201_LEFT_MLO_479ad26f.jpg,/Users/gibionmakiwa/MyDocuments/610MtSundanceBayW/University_of_London_Computer_Science_BSc/CM3070_Computer_Science_Final_Project/multimodal-mammography-xai/results/resnet50v2_finetuned/gradcam/heatmaps/FN_P_00201_479ad26f-4902-4bcb-89bd-20446cc91e33_heatmap.png,/Users/gibionmakiwa/MyDocuments/610MtSundanceBayW/University_of_London_Computer_Science_BSc/CM3070_Computer_Science_Final_Project/multimodal-mammography-xai/results/resnet50v2_finetuned/gradcam/overlays/FN_P_00201_479ad26f-4902-4bcb-89bd-20446cc91e33_overlay.png
e1ca4bb3-6c90-4249-8eaa-0d34b5bac6c4,P_01538,MALIGNANT,1,0,FN,0.08122213,0.08122200518846512,1.2481153488508312e-07,0.91877787,175,0,/Users/gibionmakiwa/MyDocuments/610MtSundanceBayW/University_of_London_Computer_Science_BSc/CM3070_Computer_Science_Final_Project/multimodal-mammography-xai/data/processed/cbis_ddsm/model_input/full_mammograms_v4/test/P_01538_RIGHT_MLO_e1ca4bb3.jpg,/Users/gibionmakiwa/MyDocuments/610MtSundanceBayW/University_of_London_Computer_Science_BSc/CM3070_Computer_Science_Final_Project/multimodal-mammography-xai/results/resnet50v2_finetuned/gradcam/heatmaps/FN_P_01538_e1ca4bb3-6c90-4249-8eaa-0d34b5bac6c4_heatmap.png,/Users/gibionmakiwa/MyDocuments/610MtSundanceBayW/University_of_London_Computer_Science_BSc/CM3070_Computer_Science_Final_Project/multimodal-mammography-xai/results/resnet50v2_finetuned/gradcam/overlays/FN_P_01538_e1ca4bb3-6c90-4249-8eaa-0d34b5bac6c4_overlay.png
abb73f53-dc55-4018-971c-4cf4c16e7ac1,P_00564,MALIGNANT,1,0,FN,0.10568763,0.10568755120038986,7.879961014256587e-08,0.89431237,399,47,/Users/gibionmakiwa/MyDocuments/610MtSundanceBayW/University_of_London_Computer_Science_BSc/CM3070_Computer_Science_Final_Project/multimodal-mammography-xai/data/processed/cbis_ddsm/model_input/full_mammograms_v4/test/P_00564_RIGHT_CC_abb73f53.jpg,/Users/gibionmakiwa/MyDocuments/610MtSundanceBayW/University_of_London_Computer_Science_BSc/CM3070_Computer_Science_Final_Project/multimodal-mammography-xai/results/resnet50v2_finetuned/gradcam/heatmaps/FN_P_00564_abb73f53-dc55-4018-971c-4cf4c16e7ac1_heatmap.png,/Users/gibionmakiwa/MyDocuments/610MtSundanceBayW/University_of_London_Computer_Science_BSc/CM3070_Computer_Science_Final_Project/multimodal-mammography-xai/results/resnet50v2_finetuned/gradcam/overlays/FN_P_00564_abb73f53-dc55-4018-971c-4cf4c16e7ac1_overlay.png
820cfff3-7fa0-4e21-8324-829185f45dd9,P_00328,MALIGNANT,1,0,FN,0.10572,0.10571995377540588,4.62245941107442e-08,0.89428,176,271,/Users/gibionmakiwa/MyDocuments/610MtSundanceBayW/University_of_London_Computer_Science_BSc/CM3070_Computer_Science_Final_Project/multimodal-mammography-xai/data/processed/cbis_ddsm/model_input/full_mammograms_v4/test/P_00328_RIGHT_MLO_820cfff3.jpg,/Users/gibionmakiwa/MyDocuments/610MtSundanceBayW/University_of_London_Computer_Science_BSc/CM3070_Computer_Science_Final_Project/multimodal-mammography-xai/results/resnet50v2_finetuned/gradcam/heatmaps/FN_P_00328_820cfff3-7fa0-4e21-8324-829185f45dd9_heatmap.png,/Users/gibionmakiwa/MyDocuments/610MtSundanceBayW/University_of_London_Computer_Science_BSc/CM3070_Computer_Science_Final_Project/multimodal-mammography-xai/results/resnet50v2_finetuned/gradcam/overlays/FN_P_00328_820cfff3-7fa0-4e21-8324-829185f45dd9_overlay.png
a62b063f-b368-493b-a923-8f528ea6ca10,P_00127,MALIGNANT,1,0,FN,0.12178131,0.12178134173154831,3.173154830560243e-08,0.87821869,336,399,/Users/gibionmakiwa/MyDocuments/610MtSundanceBayW/University_of_London_Computer_Science_BSc/CM3070_Computer_Science_Final_Project/multimodal-mammography-xai/data/processed/cbis_ddsm/model_input/full_mammograms_v4/test/P_00127_RIGHT_CC_a62b063f.jpg,/Users/gibionmakiwa/MyDocuments/610MtSundanceBayW/University_of_London_Computer_Science_BSc/CM3070_Computer_Science_Final_Project/multimodal-mammography-xai/results/resnet50v2_finetuned/gradcam/heatmaps/FN_P_00127_a62b063f-b368-493b-a923-8f528ea6ca10_heatmap.png,/Users/gibionmakiwa/MyDocuments/610MtSundanceBayW/University_of_London_Computer_Science_BSc/CM3070_Computer_Science_Final_Project/multimodal-mammography-xai/results/resnet50v2_finetuned/gradcam/overlays/FN_P_00127_a62b063f-b368-493b-a923-8f528ea6ca10_overlay.png
