layer_name,layer_type,trainable
input_layer_1,InputLayer,False
conv1_pad,ZeroPadding2D,False
conv1_conv,Conv2D,False
pool1_pad,ZeroPadding2D,False
pool1_pool,MaxPooling2D,False
conv2_block1_preact_bn,BatchNormalization,False
conv2_block1_preact_relu,Activation,False
conv2_block1_1_conv,Conv2D,False
conv2_block1_1_bn,BatchNormalization,False
conv2_block1_1_relu,Activation,False
conv2_block1_2_pad,ZeroPadding2D,False
conv2_block1_2_conv,Conv2D,False
conv2_block1_2_bn,BatchNormalization,False
conv2_block1_2_relu,Activation,False
conv2_block1_0_conv,Conv2D,False
conv2_block1_3_conv,Conv2D,False
conv2_block1_out,Add,False
conv2_block2_preact_bn,BatchNormalization,False
conv2_block2_preact_relu,Activation,False
conv2_block2_1_conv,Conv2D,False
conv2_block2_1_bn,BatchNormalization,False
conv2_block2_1_relu,Activation,False
conv2_block2_2_pad,ZeroPadding2D,False
conv2_block2_2_conv,Conv2D,False
conv2_block2_2_bn,BatchNormalization,False
conv2_block2_2_relu,Activation,False
conv2_block2_3_conv,Conv2D,False
conv2_block2_out,Add,False
conv2_block3_preact_bn,BatchNormalization,False
conv2_block3_preact_relu,Activation,False
conv2_block3_1_conv,Conv2D,False
conv2_block3_1_bn,BatchNormalization,False
conv2_block3_1_relu,Activation,False
conv2_block3_2_pad,ZeroPadding2D,False
conv2_block3_2_conv,Conv2D,False
conv2_block3_2_bn,BatchNormalization,False
conv2_block3_2_relu,Activation,False
max_pooling2d,MaxPooling2D,False
conv2_block3_3_conv,Conv2D,False
conv2_block3_out,Add,False
conv3_block1_preact_bn,BatchNormalization,False
conv3_block1_preact_relu,Activation,False
conv3_block1_1_conv,Conv2D,False
conv3_block1_1_bn,BatchNormalization,False
conv3_block1_1_relu,Activation,False
conv3_block1_2_pad,ZeroPadding2D,False
conv3_block1_2_conv,Conv2D,False
conv3_block1_2_bn,BatchNormalization,False
conv3_block1_2_relu,Activation,False
conv3_block1_0_conv,Conv2D,False
conv3_block1_3_conv,Conv2D,False
conv3_block1_out,Add,False
conv3_block2_preact_bn,BatchNormalization,False
conv3_block2_preact_relu,Activation,False
conv3_block2_1_conv,Conv2D,False
conv3_block2_1_bn,BatchNormalization,False
conv3_block2_1_relu,Activation,False
conv3_block2_2_pad,ZeroPadding2D,False
conv3_block2_2_conv,Conv2D,False
conv3_block2_2_bn,BatchNormalization,False
conv3_block2_2_relu,Activation,False
conv3_block2_3_conv,Conv2D,False
conv3_block2_out,Add,False
conv3_block3_preact_bn,BatchNormalization,False
conv3_block3_preact_relu,Activation,False
conv3_block3_1_conv,Conv2D,False
conv3_block3_1_bn,BatchNormalization,False
conv3_block3_1_relu,Activation,False
conv3_block3_2_pad,ZeroPadding2D,False
conv3_block3_2_conv,Conv2D,False
conv3_block3_2_bn,BatchNormalization,False
conv3_block3_2_relu,Activation,False
conv3_block3_3_conv,Conv2D,False
conv3_block3_out,Add,False
conv3_block4_preact_bn,BatchNormalization,False
conv3_block4_preact_relu,Activation,False
conv3_block4_1_conv,Conv2D,False
conv3_block4_1_bn,BatchNormalization,False
conv3_block4_1_relu,Activation,False
conv3_block4_2_pad,ZeroPadding2D,False
conv3_block4_2_conv,Conv2D,False
conv3_block4_2_bn,BatchNormalization,False
conv3_block4_2_relu,Activation,False
max_pooling2d_1,MaxPooling2D,False
conv3_block4_3_conv,Conv2D,False
conv3_block4_out,Add,False
conv4_block1_preact_bn,BatchNormalization,False
conv4_block1_preact_relu,Activation,False
conv4_block1_1_conv,Conv2D,False
conv4_block1_1_bn,BatchNormalization,False
conv4_block1_1_relu,Activation,False
conv4_block1_2_pad,ZeroPadding2D,False
conv4_block1_2_conv,Conv2D,False
conv4_block1_2_bn,BatchNormalization,False
conv4_block1_2_relu,Activation,False
conv4_block1_0_conv,Conv2D,False
conv4_block1_3_conv,Conv2D,False
conv4_block1_out,Add,False
conv4_block2_preact_bn,BatchNormalization,False
conv4_block2_preact_relu,Activation,False
conv4_block2_1_conv,Conv2D,False
conv4_block2_1_bn,BatchNormalization,False
conv4_block2_1_relu,Activation,False
conv4_block2_2_pad,ZeroPadding2D,False
conv4_block2_2_conv,Conv2D,False
conv4_block2_2_bn,BatchNormalization,False
conv4_block2_2_relu,Activation,False
conv4_block2_3_conv,Conv2D,False
conv4_block2_out,Add,False
conv4_block3_preact_bn,BatchNormalization,False
conv4_block3_preact_relu,Activation,False
conv4_block3_1_conv,Conv2D,False
conv4_block3_1_bn,BatchNormalization,False
conv4_block3_1_relu,Activation,False
conv4_block3_2_pad,ZeroPadding2D,False
conv4_block3_2_conv,Conv2D,False
conv4_block3_2_bn,BatchNormalization,False
conv4_block3_2_relu,Activation,False
conv4_block3_3_conv,Conv2D,False
conv4_block3_out,Add,False
conv4_block4_preact_bn,BatchNormalization,False
conv4_block4_preact_relu,Activation,False
conv4_block4_1_conv,Conv2D,False
conv4_block4_1_bn,BatchNormalization,False
conv4_block4_1_relu,Activation,False
conv4_block4_2_pad,ZeroPadding2D,False
conv4_block4_2_conv,Conv2D,False
conv4_block4_2_bn,BatchNormalization,False
conv4_block4_2_relu,Activation,False
conv4_block4_3_conv,Conv2D,False
conv4_block4_out,Add,False
conv4_block5_preact_bn,BatchNormalization,False
conv4_block5_preact_relu,Activation,False
conv4_block5_1_conv,Conv2D,False
conv4_block5_1_bn,BatchNormalization,False
conv4_block5_1_relu,Activation,False
conv4_block5_2_pad,ZeroPadding2D,False
conv4_block5_2_conv,Conv2D,False
conv4_block5_2_bn,BatchNormalization,False
conv4_block5_2_relu,Activation,False
conv4_block5_3_conv,Conv2D,False
conv4_block5_out,Add,False
conv4_block6_preact_bn,BatchNormalization,False
conv4_block6_preact_relu,Activation,False
conv4_block6_1_conv,Conv2D,False
conv4_block6_1_bn,BatchNormalization,False
conv4_block6_1_relu,Activation,False
conv4_block6_2_pad,ZeroPadding2D,False
conv4_block6_2_conv,Conv2D,False
conv4_block6_2_bn,BatchNormalization,False
conv4_block6_2_relu,Activation,False
max_pooling2d_2,MaxPooling2D,False
conv4_block6_3_conv,Conv2D,False
conv4_block6_out,Add,False
conv5_block1_preact_bn,BatchNormalization,False
conv5_block1_preact_relu,Activation,True
conv5_block1_1_conv,Conv2D,True
conv5_block1_1_bn,BatchNormalization,False
conv5_block1_1_relu,Activation,True
conv5_block1_2_pad,ZeroPadding2D,True
conv5_block1_2_conv,Conv2D,True
conv5_block1_2_bn,BatchNormalization,False
conv5_block1_2_relu,Activation,True
conv5_block1_0_conv,Conv2D,True
conv5_block1_3_conv,Conv2D,True
conv5_block1_out,Add,True
conv5_block2_preact_bn,BatchNormalization,False
conv5_block2_preact_relu,Activation,True
conv5_block2_1_conv,Conv2D,True
conv5_block2_1_bn,BatchNormalization,False
conv5_block2_1_relu,Activation,True
conv5_block2_2_pad,ZeroPadding2D,True
conv5_block2_2_conv,Conv2D,True
conv5_block2_2_bn,BatchNormalization,False
conv5_block2_2_relu,Activation,True
conv5_block2_3_conv,Conv2D,True
conv5_block2_out,Add,True
conv5_block3_preact_bn,BatchNormalization,False
conv5_block3_preact_relu,Activation,True
conv5_block3_1_conv,Conv2D,True
conv5_block3_1_bn,BatchNormalization,False
conv5_block3_1_relu,Activation,True
conv5_block3_2_pad,ZeroPadding2D,True
conv5_block3_2_conv,Conv2D,True
conv5_block3_2_bn,BatchNormalization,False
conv5_block3_2_relu,Activation,True
conv5_block3_3_conv,Conv2D,True
conv5_block3_out,Add,True
post_bn,BatchNormalization,False
post_relu,Activation,False
