selected_scaled_feature,coefficient,absolute_coefficient,rank
selected_scaled_original_shape2D_MinorAxisLength_mean,0.853866596018372,0.853866596018372,1
selected_scaled_original_shape2D_MajorAxisLength_mean,-0.7228010796997958,0.7228010796997958,2
selected_scaled_original_shape2D_Elongation_mean,-0.4025458747058885,0.4025458747058885,3
selected_scaled_original_firstorder_Entropy_mean,0.2731897101172618,0.2731897101172618,4
selected_scaled_original_glcm_Contrast_mean,-0.24302802221222947,0.24302802221222947,5
selected_scaled_original_firstorder_Energy_mean,0.23980489988932063,0.23980489988932063,6
selected_scaled_original_shape2D_Sphericity_mean,-0.17258205231637005,0.17258205231637005,7
selected_scaled_original_ngtdm_Busyness_mean,0.15701447228192889,0.15701447228192889,8
selected_scaled_original_ngtdm_Coarseness_max,-0.156500136492971,0.156500136492971,9
selected_scaled_original_glrlm_GrayLevelNonUniformity_mean,0.1443028033441503,0.1443028033441503,10
selected_scaled_original_firstorder_Skewness_mean,-0.1395061861473142,0.1395061861473142,11
selected_scaled_original_glrlm_RunLengthNonUniformity_mean,-0.1311078959650772,0.1311078959650772,12
selected_scaled_original_glcm_InverseVariance_mean,0.13036454801077121,0.13036454801077121,13
selected_scaled_original_firstorder_90Percentile_mean,0.12005788422952045,0.12005788422952045,14
selected_scaled_original_firstorder_Kurtosis_mean,-0.1196931906282042,0.1196931906282042,15
selected_scaled_original_glrlm_ShortRunLowGrayLevelEmphasis_mean,0.1093941798053201,0.1093941798053201,16
selected_scaled_original_firstorder_Maximum_mean,-0.09950176931929114,0.09950176931929114,17
selected_scaled_original_glrlm_RunEntropy_max,-0.09105070305228002,0.09105070305228002,18
selected_scaled_n_lesions,-0.08873396422702824,0.08873396422702824,19
selected_scaled_original_glcm_Correlation_mean,0.08243233118671754,0.08243233118671754,20
selected_scaled_original_ngtdm_Contrast_mean,0.0823391690545938,0.0823391690545938,21
selected_scaled_original_glcm_Imc1_mean,0.06781793391600026,0.06781793391600026,22
selected_scaled_original_firstorder_10Percentile_mean,0.044503173381587005,0.044503173381587005,23
selected_scaled_original_glcm_Autocorrelation_max,-0.04203685662277484,0.04203685662277484,24
selected_scaled_original_glcm_JointEnergy_mean,0.03704611554404593,0.03704611554404593,25
selected_scaled_original_shape2D_Perimeter_mean,0.03075816982515574,0.03075816982515574,26
selected_scaled_original_glcm_ClusterShade_mean,0.016196780040300833,0.016196780040300833,27
selected_scaled_original_shape2D_PerimeterSurfaceRatio_mean,-0.005823612483431856,0.005823612483431856,28
