Group type,Group,N,Pointing-game accuracy (%),Median energy inside ROI (%),Median activation ratio,"Median IoU, top 10% (%)"
overall,All test mammograms,414,3.864734299516908,0.055896316547684996,0.27831144506986194,0.0
outcome,TP,110,8.181818181818182,0.42412780731394506,2.1719268879135907,0.9028312213940851
outcome,TN,160,1.25,0.005202179190420318,0.03226698694257595,0.0
outcome,FP,77,3.896103896103896,0.13483363322334,0.6127149204625744,0.0
outcome,FN,67,2.9850746268656714,0.02574276698694,0.046106071679492,0.0
lesion_group,mass,241,3.7344398340248963,0.06720938760347,0.3601278868210685,0.0
lesion_group,calcification,173,4.046242774566474,0.04798737492047,0.1719008823807641,0.0
roi_size_group,small,104,0.0,0.00578087594221321,0.07479939089355135,0.0
roi_size_group,medium,206,1.9417475728155338,0.04161494546498,0.16443000634994126,0.0
roi_size_group,large,104,11.538461538461538,0.9775895468002251,1.1676188187073206,0.957063678970655
