group_type,group,n,pointing_game_accuracy,mean_energy_inside_roi,median_energy_inside_roi,mean_activation_ratio,median_activation_ratio,mean_iou_top_10,median_iou_top_10,mean_iou_top_20,median_iou_top_20,mean_iou_top_30,median_iou_top_30
overall,All test mammograms,414,0.03864734299516908,0.01598481253500119,0.00055896316547685,2.3600616556705334,0.27831144506986194,0.015945017971916532,0.0,0.010949457034763188,3.789781103920971e-05,0.008133888010112044,0.0008230244312981
outcome,TP,110,0.08181818181818182,0.03478215257985993,0.0042412780731394505,4.83111113473702,2.1719268879135907,0.03663174833641826,0.009028312213940851,0.022601683374004665,0.0081804517233235,0.016021452871949074,0.006057160338837899
outcome,TN,160,0.0125,0.006497764393817262,5.202179190420318e-05,1.2620158996008082,0.03226698694257595,0.0060569956557735335,0.0,0.005152454309060348,0.0,0.004094574812253093,0.0
outcome,FP,77,0.03896103896103896,0.014038241205252188,0.0013483363322334,2.120622305838558,0.6127149204625744,0.013211373205416394,0.0,0.010466712199654775,0.0021362223197085,0.00788130952061922,0.002214657234336
outcome,FN,67,0.029850746268656716,0.010016249699861517,0.0002574276698694,1.2004901364303024,0.046106071679492,0.008736568382486687,0.0,0.006217321081020511,0.0,0.005120552495877813,0.0
lesion_group,mass,241,0.03734439834024896,0.014256203144265626,0.0006720938760347,2.972495091617154,0.3601278868210685,0.013455765591160655,0.0,0.008478878331851313,0.0002077823951643,0.006156141138400079,0.0011100879240094
lesion_group,calcification,173,0.04046242774566474,0.018392875327875598,0.0004798737492047,1.5069029385425816,0.1719008823807641,0.019412704814472406,0.0,0.014391130256738695,0.0,0.010889015155098079,0.0007373693712019
roi_size_group,small,104,0.0,0.0008828633746077049,5.78087594221321e-05,0.9557021133328493,0.07479939089355135,0.001337777106775834,0.0,0.001198778318852571,0.0,0.0009604469169689102,0.0
roi_size_group,medium,206,0.019417475728155338,0.007547619244881397,0.0004161494546498,2.4626023840488807,0.16443000634994126,0.007384605343199388,0.0,0.0049162052110499,0.0,0.0036478467148322907,0.0004924844327365
roi_size_group,large,104,0.11538461538461539,0.04779889455851659,0.009775895468002251,3.56131167833572,1.1676188187073206,0.047508460774708494,0.00957063678970655,0.03265061532456744,0.01606905962277585,0.024193141668905464,0.01375449401401805
