comparison,method_a,method_b,metric,difference,ci_low,ci_high,bootstrap_p
Grad-CAM++ - Grad-CAM,Grad-CAM++,Grad-CAM,pointing_game_accuracy,-0.0024154589371980645,-0.021739130434782608,0.016908212560386472,0.902619476104779
Grad-CAM++ - Grad-CAM,Grad-CAM++,Grad-CAM,median_energy_inside_roi,0.004728581338166431,0.003820503762080343,0.005932439536331285,0.0003999200159968006
Grad-CAM++ - Grad-CAM,Grad-CAM++,Grad-CAM,median_activation_ratio,2.1984193212084837,1.9181302765271782,2.4286348765672043,0.0003999200159968006
Grad-CAM++ - Grad-CAM,Grad-CAM++,Grad-CAM,median_iou_top_10,0.006795934167926042,0.0034206147560428887,0.008973621944144288,0.0003999200159968006
Integrated Gradients - Grad-CAM,Integrated Gradients,Grad-CAM,pointing_game_accuracy,0.09903381642512077,0.06521739130434782,0.13285024154589373,0.0003999200159968006
Integrated Gradients - Grad-CAM,Integrated Gradients,Grad-CAM,median_energy_inside_roi,0.014440719567906329,0.012967642680881958,0.01629728578835407,0.0003999200159968006
Integrated Gradients - Grad-CAM,Integrated Gradients,Grad-CAM,median_activation_ratio,6.461388810265316,5.947706429709381,6.979782508799016,0.0003999200159968006
Integrated Gradients - Grad-CAM,Integrated Gradients,Grad-CAM,median_iou_top_10,0.011335769602131271,0.010193679918450561,0.013095362188501505,0.0003999200159968006
Integrated Gradients - Grad-CAM++,Integrated Gradients,Grad-CAM++,pointing_game_accuracy,0.10144927536231885,0.07004830917874397,0.13526570048309178,0.0003999200159968006
Integrated Gradients - Grad-CAM++,Integrated Gradients,Grad-CAM++,median_energy_inside_roi,0.009712138229739898,0.008322032639359182,0.011134466497834122,0.0003999200159968006
Integrated Gradients - Grad-CAM++,Integrated Gradients,Grad-CAM++,median_activation_ratio,4.262969489056832,3.7875448290830063,4.788340982650472,0.0003999200159968006
Integrated Gradients - Grad-CAM++,Integrated Gradients,Grad-CAM++,median_iou_top_10,0.004539835434205229,0.002308790183636241,0.007550918478367666,0.0003999200159968006
