method,n,pointing_game_accuracy,mean_energy_inside_roi,median_energy_inside_roi,mean_activation_ratio,median_activation_ratio,mean_iou_top_10,median_iou_top_10,mean_iou_top_20,median_iou_top_20,mean_iou_top_30,median_iou_top_30,group_type,group
Grad-CAM,110,0.08181818181818182,0.03478215257985993,0.0042412780731394505,4.831111134737019,2.1719268879135907,0.03663174833641827,0.009028312213940851,0.022601683374004665,0.0081804517233235,0.016021452871949074,0.006057160338837899,outcome,TP
Grad-CAM++,110,0.07272727272727272,0.033415222825337376,0.013526602851752043,4.142633728587328,3.2024478034180133,0.0417442550419819,0.021590342087047562,0.03133737308009213,0.015001239771881975,0.024688192226159717,0.01057994328932811,outcome,TP
Integrated Gradients,110,0.2636363636363636,0.07254686572149317,0.038070335292682694,10.948405307415229,9.141813872337076,0.03675458855895525,0.017961204242996336,0.010248628026785401,0.0049571990966796875,0.008730145146059406,0.0035381317138671875,outcome,TP
Grad-CAM,160,0.0125,0.006497764393817262,5.202179190420318e-05,1.2620158996008082,0.03226698694257595,0.006056995655773534,0.0,0.005152454309060348,0.0,0.004094574812253093,0.0,outcome,TN
Grad-CAM++,160,0.0125,0.012258395910225699,0.0038686342100554575,2.927120623750461,2.3798182319795984,0.015902263153429064,0.0018236308635525616,0.013163713923494972,0.00585385819341354,0.010528854893013454,0.0050098544122933256,outcome,TN
Integrated Gradients,160,0.08125,0.02713105060357976,0.011187557304661366,7.389236887248748,5.850319207188704,0.014926581638080482,0.00889446925283155,0.004853459180116321,0.00260162353515625,0.0036107778549194338,0.0019359588623046875,outcome,TN
Grad-CAM,77,0.03896103896103896,0.014038241205252197,0.0013483363322334,2.1206223058385585,0.6127149204625744,0.013211373205416392,0.0,0.010466712199654773,0.0021362223197085,0.007881309520619217,0.002214657234336,outcome,FP
Grad-CAM++,77,0.025974025974025976,0.016213017130526176,0.004788923232190012,2.859826516140535,1.947374533509615,0.019959468172009383,0.005234110735267937,0.016456409364104554,0.00701901619332812,0.01349566142822997,0.006181693555552735,outcome,FP
Integrated Gradients,77,0.12987012987012986,0.042406897257791745,0.01411319727571371,8.679730502269825,6.240104115605678,0.019270993976802417,0.01062864059308571,0.006243514761128198,0.003337860107421875,0.0049797853211362595,0.002101898193359375,outcome,FP
Grad-CAM,67,0.029850746268656716,0.010016249699861519,0.0002574276698694,1.2004901364303024,0.046106071679492,0.008736568382486687,0.0,0.006217321081020511,0.0,0.005120552495877814,0.0,outcome,FN
Grad-CAM++,67,0.04477611940298507,0.021889774355595932,0.006323102682795212,2.595084047609159,2.3113048032395307,0.02425409019017073,0.006356785365011793,0.022260977217646253,0.008144347593888879,0.02007152008359702,0.007692992383301756,outcome,FN
Integrated Gradients,67,0.07462686567164178,0.056645227423178596,0.020126370644917766,7.281024140561018,6.512615099251184,0.03312932594442813,0.014410529899012823,0.012360877991645989,0.004451751708984375,0.008513985765221995,0.0031890869140625,outcome,FN
Grad-CAM,173,0.04046242774566474,0.018392875327875598,0.0004798737492047,1.5069029385425816,0.1719008823807641,0.01941270481447241,0.0,0.014391130256738695,0.0,0.010889015155098079,0.0007373693712019,lesion_group,calcification
Grad-CAM++,173,0.03468208092485549,0.028852330926563582,0.00507027028666284,2.7495839510126716,2.1899790069931027,0.033353237398242336,0.005760061033759298,0.030012217813929556,0.006637547921951592,0.025372706624695093,0.0073878158259476365,lesion_group,calcification
Integrated Gradients,173,0.14450867052023122,0.06640335864771138,0.01541897653793929,7.784781970378892,6.146349687565664,0.036277593643808774,0.013666050058514855,0.01135422798407087,0.003509521484375,0.00966914355049458,0.002933502197265625,lesion_group,calcification
Grad-CAM,241,0.03734439834024896,0.014256203144265626,0.0006720938760347,2.972495091617154,0.3601278868210685,0.013455765591160657,0.0,0.008478878331851313,0.0002077823951643,0.006156141138400078,0.0011100879240094,lesion_group,mass
Grad-CAM++,241,0.03734439834024896,0.013944322850635545,0.00543406415868784,3.495552943369803,2.5823956329548485,0.018788477930526543,0.00871313672922252,0.012945313607377036,0.007681750600434601,0.009936918909801572,0.006621091277376884,lesion_group,mass
Integrated Gradients,241,0.13278008298755187,0.03275478674724428,0.014977016947501488,9.112045937727354,7.479561980974224,0.016011475011159782,0.010924844603503485,0.005180707769991277,0.003337860107421875,0.0033990004340889927,0.00226593017578125,lesion_group,mass
Grad-CAM,104,0.0,0.0008828633746077051,5.78087594221321e-05,0.9557021133328493,0.07479939089355135,0.001337777106775834,0.0,0.001198778318852571,0.0,0.0009604469169689102,0.0,roi_size_group,small
Grad-CAM++,104,0.0,0.002146565431214679,0.001579147289023552,2.492745420755279,2.0234027083626307,0.002793332333732962,0.0,0.0027414638067534388,0.0028030638655715066,0.002345421563520344,0.0024922596964674863,roi_size_group,small
Integrated Gradients,104,0.07692307692307693,0.006540908672728314,0.005121652235392387,7.92328894753882,6.252806040299463,0.003969688380691178,0.003912956094248479,0.0015029515271228146,0.0010776519775390625,0.0008588937612680289,0.0008831024169921875,roi_size_group,small
Grad-CAM,206,0.019417475728155338,0.007547619244881397,0.0004161494546498,2.4626023840488807,0.16443000634994126,0.007384605343199389,0.0,0.0049162052110499005,0.0,0.0036478467148322907,0.0004924844327365,roi_size_group,medium
Grad-CAM++,206,0.014563106796116505,0.009041048917526676,0.0052414120081074825,3.1899442965687825,2.4029495211750542,0.011725761227008576,0.005972984465465932,0.008948203749015242,0.00805851723282916,0.007312581575329765,0.007165291252876925,roi_size_group,medium
Integrated Gradients,206,0.10194174757281553,0.020868675156155606,0.014862708952941436,7.776794281739699,6.288218974828009,0.01274344653721113,0.011458813880165224,0.0038988751081161185,0.003086090087890625,0.002663801575927649,0.0024662017822265625,roi_size_group,medium
Grad-CAM,104,0.11538461538461539,0.04779889455851659,0.009775895468002251,3.5613116783357195,1.1676188187073206,0.0475084607747085,0.00957063678970655,0.032650615324567436,0.01606905962277585,0.024193141668905464,0.01375449401401805,roi_size_group,large
Grad-CAM++,104,0.11538461538461539,0.06025323245617157,0.035550065575929664,3.862809942553814,3.349624684640953,0.07300115265077717,0.04977883249607658,0.059456654355655586,0.03558490842552009,0.04840346207894598,0.02676652721793421,roi_size_group,large
Integrated Gradients,104,0.2692307692307692,0.1384854141154629,0.08005876104353113,10.737775762359853,7.882162403178588,0.06823838076741394,0.04296082012977969,0.021666892141533316,0.012458451364512364,0.01782550829844268,0.00931549072265625,roi_size_group,large
