method,metric,point_estimate,ci_low,ci_high
Grad-CAM,pointing_game_accuracy,0.03864734299516908,0.021739130434782608,0.057971014492753624
Grad-CAM,median_energy_inside_roi,0.00055896316547685,0.00031518347923605,0.0010111093571108
Grad-CAM,median_activation_ratio,0.27831144506986194,0.15219423145327465,0.49218870804208603
Grad-CAM,median_iou_top_10,0.0,0.0,0.0
Grad-CAM++,pointing_game_accuracy,0.036231884057971016,0.01932367149758454,0.05555555555555555
Grad-CAM++,median_energy_inside_roi,0.0052875445036432815,0.00441112276895461,0.006582582232713166
Grad-CAM++,median_activation_ratio,2.4767307662783455,2.181892234826835,2.6984999939949175
Grad-CAM++,median_iou_top_10,0.006795934167926042,0.0034206147560428887,0.008973621944144288
Integrated Gradients,pointing_game_accuracy,0.13768115942028986,0.10628019323671498,0.17149758454106281
Integrated Gradients,median_energy_inside_roi,0.014999682733383179,0.013561677902756565,0.016908153851983743
Integrated Gradients,median_activation_ratio,6.739700255335178,6.229420237528309,7.266170300578107
Integrated Gradients,median_iou_top_10,0.011335769602131271,0.010193679918450561,0.013095362188501505
