patient_id,abnormality_type,pathology,abnormality_id,status,roi_pixel_count,roi_fraction_of_image,roi_resized_to_full_image,normalized_roi_min,normalized_roi_max,normalized_roi_mean,normalized_roi_std,binwidth_2_0_n_bins,binwidth_5_0_n_bins,binwidth_10_0_n_bins
P_02318,calcification,BENIGN,1,success,247825,0.010930056634739537,False,-90.44077000672057,107.58492064542104,8.50221053487718,47.43713108945051,100,41,21
P_00019,calcification,BENIGN,1,success,226145,0.011225343718292294,False,12.205904506586322,241.2068998180335,172.07741895404254,46.33114664425901,115,47,24
P_01094,calcification,BENIGN,1,success,178273,0.008668801437167492,False,-45.10551680549254,278.4073123029426,139.77675110547554,76.84952887498416,163,66,33
P_01410,calcification,BENIGN,1,success,72689,0.005537753845778786,False,-17.066222584058394,327.09728112836797,210.30610632125396,95.04786669883336,173,70,35
P_01783,calcification,BENIGN,1,success,629981,0.03994397276728016,False,-94.39415465666885,171.45150627664947,122.28200828105966,47.14400512075246,134,54,28
P_00627,calcification,BENIGN,1,success,329693,0.01878674376479979,False,53.65059663309448,214.64977807005235,139.12891445472508,26.15543875762769,82,33,17
P_00291,calcification,BENIGN,1,success,36981,0.0030330274470899473,False,78.44439149266621,177.22420045312353,136.23555899867517,15.87846327038481,50,21,11
P_00360,calcification,BENIGN,1,success,370133,0.01679529661089244,False,-93.22167040309388,147.4239193768922,80.92710357977742,45.509078194171586,121,49,25
P_00624,calcification,BENIGN,1,success,1319369,0.09019244514907192,False,-75.73032143214171,234.36308886390822,129.60429750016542,60.84859185280153,156,63,32
P_01385,calcification,BENIGN,1,success,45433,0.0030131408835195194,False,41.69378817307041,102.54432962869215,68.8470934811261,8.572987450834182,32,13,7
P_01272,calcification,BENIGN,2,success,28077,0.0012374121290628299,False,55.43553249740933,144.63249650688547,105.82748124511559,17.06904908424073,46,18,10
P_01629,calcification,BENIGN,1,success,19633,0.0016765439267659517,False,244.41041709905008,400.24081117932815,326.33326722142465,24.93297807187764,70,31,17
P_00024,calcification,BENIGN,1,success,15697,0.000850543837090051,False,-2.093716519797396,104.59806669343534,62.62213985131726,20.790711387527878,55,22,12
P_00814,calcification,BENIGN,2,success,2295122,0.18428202081192188,False,-42.52171397390651,563.844812435599,178.38421887981056,68.5900781310212,301,122,62
P_00291,calcification,BENIGN,1,success,233661,0.01968752527703632,False,54.97119166564022,212.1634000536588,135.09221796460892,20.781337732523195,80,33,17
P_00291,calcification,BENIGN,2,success,28013,0.0025372329171304024,False,94.37083582782014,229.0069569111274,138.17206392301324,14.678304353920616,67,28,14
P_01830,calcification,BENIGN_WITHOUT_CALLBACK,1,success,12589,0.0009949878347344887,False,-72.29557630477517,201.33627492145513,53.078230217790725,54.907855640904096,136,56,29
P_01838,calcification,BENIGN_WITHOUT_CALLBACK,2,success,4557,0.0002005202172957994,False,20.812727112514473,168.19028647199403,58.71826880685196,26.38267275198715,74,30,15
P_00008,calcification,BENIGN_WITHOUT_CALLBACK,4,success,4365,0.0003173817900071198,False,79.56338360185154,160.1494373911044,100.82943726549495,8.812418966379077,42,18,10
P_01875,calcification,BENIGN_WITHOUT_CALLBACK,1,success,208701,0.014950133984650792,False,35.86848012249058,240.33553261579095,106.47944661726467,51.10321957567101,104,42,22
P_00112,calcification,BENIGN_WITHOUT_CALLBACK,4,success,11217,0.0007983384425475316,False,133.12929010729985,368.3027892678654,207.2475038519572,36.22761139226458,101,43,23
P_00098,calcification,BENIGN_WITHOUT_CALLBACK,2,success,372557,0.02575662421241726,False,2.8618387288769442,329.56736811938816,100.19631967698103,21.463795690992026,142,60,32
P_01864,calcification,BENIGN_WITHOUT_CALLBACK,1,success,14437,0.0007768564053820431,False,89.98630444339899,174.660009433309,128.48108083787628,15.367272712642167,44,18,10
P_01276,calcification,BENIGN_WITHOUT_CALLBACK,1,success,137793,0.010236369633433176,False,95.86079328394047,405.6776948737494,206.67980051844782,35.83153495178046,156,63,32
P_00432,calcification,BENIGN_WITHOUT_CALLBACK,2,success,21641,0.0010387770415153693,False,85.00707627589972,182.54890825648476,123.36290583475838,8.691209613999511,49,20,11
P_00112,calcification,BENIGN_WITHOUT_CALLBACK,4,success,16261,0.0011528045598911071,False,109.43037714277568,258.22090883394975,167.9566547486998,28.907820178069922,76,31,16
P_00394,calcification,BENIGN_WITHOUT_CALLBACK,1,success,7949,0.0005543198595044273,False,142.88986829873417,178.0956507002648,160.9479538894359,4.7952732807380976,19,8,4
P_00432,calcification,BENIGN_WITHOUT_CALLBACK,1,success,24081,0.0011221559560520838,False,99.87876140256601,198.74964246752972,129.8838658507322,11.680873102022154,50,21,11
P_01408,calcification,BENIGN_WITHOUT_CALLBACK,5,success,45081,0.001955727951955754,False,88.10917483837885,219.17633025564785,149.6654357598202,19.338662332580434,66,27,14
P_00673,calcification,BENIGN_WITHOUT_CALLBACK,2,success,19301,0.0008864730305702527,False,82.14702339665855,210.57269417942038,113.69917515428645,13.652197610706123,65,27,14
P_01437,calcification,BENIGN_WITHOUT_CALLBACK,2,success,6861,0.000540676254312171,False,109.80015419546706,309.09202438479144,154.59032259275526,30.656117096174395,100,41,21
P_01864,calcification,BENIGN_WITHOUT_CALLBACK,2,success,10485,0.0005114913595279352,False,72.56127614173873,232.28797649710708,129.13802570495687,29.545223311757116,81,33,17
P_01229,calcification,MALIGNANT,1,success,21279,0.0008636165985494942,False,41.38607704828806,123.93845535035884,80.20535500887006,11.533018745911999,42,17,9
P_00321,calcification,MALIGNANT,1,success,51186,0.004468714415659236,False,128.41889451271177,208.0690817327754,159.1325005363778,10.162406939798428,41,17,9
P_01342,calcification,MALIGNANT,1,success,69277,0.003448889407528025,False,63.42649767446113,145.84711523208605,105.23764464095503,10.963219419401426,42,18,9
P_00438,calcification,MALIGNANT,1,success,111589,0.008329407078842773,False,41.191802646717,251.30637369563274,174.4611346869439,35.20901974841978,105,43,22
P_02270,calcification,MALIGNANT,1,success,379165,0.023917093381027276,False,-62.854945110302516,348.7670668398583,78.80285085330243,106.02874625579489,193,81,41
P_00861,calcification,MALIGNANT,1,success,39909,0.003144382043718327,False,7.714049503949914,140.57894334756176,81.57891245589428,24.153781109550717,68,28,15
P_00729,calcification,MALIGNANT,1,success,93206,0.006420531814511479,False,70.85728700466089,174.2100299825039,113.47426292748968,13.21221007902748,52,21,11
P_00992,calcification,MALIGNANT,1,success,712409,0.05156644488453432,False,-24.54427030932528,379.20153348722926,200.52448866518944,83.20236294930449,203,81,41
P_02424,calcification,MALIGNANT,1,success,1106037,0.07089653100007365,False,77.1018741070212,227.89458576340684,129.3640738094739,21.783095796293562,76,31,16
P_02226,calcification,MALIGNANT,1,success,337855,0.028951730634033945,False,32.24390730917328,148.6558448916253,82.26155506865805,20.45301686123162,59,24,12
P_00016,calcification,MALIGNANT,2,success,137077,0.018536253041888953,False,98.23629483939446,263.48965658657187,205.22179730082044,25.573472416708157,83,34,18
P_02323,calcification,MALIGNANT,1,success,144667,0.006033851665022238,False,32.27526259709989,161.58697823552714,81.91346436752247,15.265792502294557,57,25,13
P_01585,calcification,MALIGNANT,1,success,171485,0.007079988073202002,False,66.58424695574759,196.41054154319346,102.3761872911778,11.678585590878875,66,27,14
P_01596,calcification,MALIGNANT,1,success,265125,0.01797600703947555,False,70.67605258738548,166.00590737101828,120.13053181590274,12.085697502558789,49,20,10
P_02489,calcification,MALIGNANT,1,success,131865,0.012235670908007128,False,102.36967994270128,312.0496278737942,207.22810671320346,45.1510137295519,106,43,22
P_02348,calcification,MALIGNANT,1,success,998933,0.048215215107134494,False,57.89139362153054,220.2662282196692,122.52210665938455,24.226019672475623,83,34,18
P_00837,mass,BENIGN,1,success,59417,0.0038694314201452172,False,-45.1249358854064,110.06238254899816,35.79217688111925,23.263740084810912,79,33,17
P_00917,mass,BENIGN,1,success,39857,0.003003885901022574,False,124.52348533815247,272.56250568242916,220.23232648181823,29.003214878293754,75,31,16
P_01539,mass,BENIGN,1,success,50514,0.004656680655268736,False,128.80622820732617,227.5197059031571,182.2616349599819,16.56621739615599,50,21,11
P_01417,mass,BENIGN,1,success,182837,0.008849962312985573,False,140.63656653435405,285.20403843989374,218.21181542991036,25.498824890155955,73,30,15
P_01566,mass,BENIGN,1,success,31507,0.002208451091223112,False,33.16613485254091,183.3871816677435,121.29851790393543,23.759398291408186,76,31,16
P_00634,mass,BENIGN,2,success,55422,0.00435055237932559,False,198.91612932047477,291.9329909108103,257.20575940135626,10.290794571899127,47,20,11
P_00332,mass,BENIGN,1,success,66601,0.005251623089888775,False,43.767658586433306,134.96634486361788,88.64847801578104,15.193023531433766,47,19,10
P_01739,mass,BENIGN,1,success,41138,0.001671741465495269,False,30.21575673579442,111.47055323612668,64.6837480336548,14.983025445085586,40,17,9
P_01878,mass,BENIGN,1,success,49546,0.0038325515483056513,False,105.30885968637621,194.32844903285536,152.22380655273636,14.787097363963317,45,18,10
P_00468,mass,BENIGN,1,success,42360,0.0015199064690606461,False,-86.7829453614044,7.499933866134136,-40.82740228927304,22.25519787790954,48,20,10
P_01649,mass,BENIGN,1,success,28813,0.0023584056251407855,False,113.92436859680426,234.70601729923976,193.15348745083364,24.079029998313633,62,25,13
P_00687,mass,BENIGN,1,success,54168,0.0039860080579645985,True,159.29802220545753,222.73383656532138,192.0045708183072,10.230405070801442,33,14,8
P_00630,mass,BENIGN,1,success,177718,0.009012916325906097,False,72.48454774585471,178.48372005943966,121.47911127588972,18.030432155364423,51,22,11
P_00823,mass,BENIGN,1,success,28167,0.0029528171953824216,False,159.4876865315842,265.05158338834667,213.35845391641894,21.403996307716206,54,23,12
P_01477,mass,BENIGN,1,success,144105,0.007885773310872337,False,114.16511359362771,320.9213606720217,255.0058939493077,33.05942114816105,93,40,21
P_00844,mass,BENIGN,1,success,37344,0.002542926871785932,False,53.59511219122792,221.57364653162983,164.77010117926056,19.574885479585973,63,28,16
P_01207,mass,BENIGN_WITHOUT_CALLBACK,1,success,162590,0.011992620470552691,False,101.49177636830487,280.6926700875159,209.15342085426084,26.888041738358933,91,37,19
P_00200,mass,BENIGN_WITHOUT_CALLBACK,1,success,98691,0.007473329819715034,False,128.49082502721436,226.97535399976604,192.15580611947865,17.811107369637703,50,21,11
P_00376,mass,BENIGN_WITHOUT_CALLBACK,3,success,22757,0.0010099355970234038,False,163.9239434174449,252.16414222698944,214.17186713238237,14.213028821682775,46,19,10
P_00884,mass,BENIGN_WITHOUT_CALLBACK,1,success,57706,0.004324345225819756,False,125.25740520373927,226.1857138775902,183.21885095726606,17.968437870260466,52,21,11
P_01804,mass,BENIGN_WITHOUT_CALLBACK,1,success,39123,0.0029582698170731708,False,24.360994989295023,222.99104681647395,122.14841242583233,26.55038338797226,87,38,21
P_01381,mass,BENIGN_WITHOUT_CALLBACK,1,success,52962,0.0024427668788079156,False,-51.3753930678657,220.03451103166282,132.13573264208767,50.004476288314955,136,56,29
P_01632,mass,BENIGN_WITHOUT_CALLBACK,1,success,16845,0.0011068255887300253,False,66.46115466297394,124.33518580842109,97.90588765801276,9.636603506298107,30,12,7
P_00343,mass,BENIGN_WITHOUT_CALLBACK,2,success,44028,0.0036682761268443027,False,-53.297442211344865,171.87963451657484,68.66054875644816,44.64788027564494,113,46,24
P_01331,mass,BENIGN_WITHOUT_CALLBACK,1,success,33691,0.0025001988819863975,False,78.56082553326695,229.4122938679001,176.615347053415,29.83324102129621,75,31,16
P_00106,mass,BENIGN_WITHOUT_CALLBACK,2,success,6429,0.00028454638287506124,False,115.84893166405443,235.4572799446839,151.36458465056413,18.061285006924845,61,25,13
P_00342,mass,BENIGN_WITHOUT_CALLBACK,3,success,22539,0.0010600434496002697,False,63.162815137514066,126.20936511223256,97.88457254177331,10.33895454213304,33,14,7
P_00708,mass,BENIGN_WITHOUT_CALLBACK,1,success,24307,0.001805718989207436,False,164.4198533963483,565.6679875143652,303.32080692449654,133.63945115261654,162,73,41
P_00122,mass,BENIGN_WITHOUT_CALLBACK,1,success,38239,0.0028518179323182664,False,46.30355364427977,198.59081923955986,134.11845267986251,28.155665414173537,77,31,16
P_00158,mass,BENIGN_WITHOUT_CALLBACK,1,success,15237,0.001133154967587172,False,146.53923277276144,210.15527894430028,183.38428868292465,10.279183543346246,33,14,8
P_00343,mass,BENIGN_WITHOUT_CALLBACK,1,success,35662,0.002550853994616469,False,-54.78858107030251,193.6370578837359,53.40324210628688,48.91785119941842,125,50,26
P_01825,mass,BENIGN_WITHOUT_CALLBACK,1,success,54629,0.004119307213798296,False,140.87883735570816,269.2294258609318,208.68587443229748,24.723547337371233,64,26,13
P_01780,mass,MALIGNANT,1,success,226054,0.017231070473793075,False,61.73008129684804,257.0620006362156,166.9685486257319,46.93870070237111,99,40,20
P_01754,mass,MALIGNANT,1,success,35069,0.0015898067407189268,False,160.5924218409372,263.6446198900065,210.55583379200115,20.432382011351056,52,21,11
P_00678,mass,MALIGNANT,2,success,124866,0.006172243283645686,False,124.15219212511398,249.16541546582096,195.5151066586182,23.700773493048423,60,25,13
P_00016,mass,MALIGNANT,1,success,74597,0.010087387878096182,False,97.83824621427222,261.23404771087917,200.42607389373117,33.937302555039054,83,34,18
P_00566,mass,MALIGNANT,1,success,178265,0.01712615006951719,False,95.9210756226891,269.47376394470837,202.24863518041587,26.983911995424805,81,35,18
P_00695,mass,MALIGNANT,1,success,1256482,0.05078490785913467,False,-45.961265535212064,439.27068227031066,257.0263199267613,112.94940117127855,242,98,49
P_01304,mass,MALIGNANT,1,success,56783,0.0043016589981285215,False,105.37228453172862,206.02672300102662,171.28940407125415,19.805863951650384,52,21,11
P_00818,mass,MALIGNANT,1,success,43611,0.0037009258806660803,False,142.32776196935944,240.2798671299279,200.9324474466029,18.678874744245825,49,21,11
P_01761,mass,MALIGNANT,1,success,35867,0.0016844863629259144,False,97.54418602203235,186.67536793661262,149.31804074949738,14.679513630654988,46,19,10
P_00660,mass,MALIGNANT,1,success,36605,0.001788001666229008,False,86.0033593866915,208.7529035696949,145.04692474935288,16.14570031026146,61,25,13
P_01682,mass,MALIGNANT,1,success,111546,0.009946278362399561,False,202.47837454139895,369.40849621663403,308.54459809100484,22.860453099113087,81,34,17
P_00779,mass,MALIGNANT,1,success,162117,0.0072893075946890125,False,102.05222810386223,215.12741921779545,163.0127710656246,25.04156797637801,57,24,12
P_00737,mass,MALIGNANT,1,success,455729,0.02063990036231884,False,95.26456968044873,241.7408805442715,202.46134538003537,22.469986236976506,73,30,16
P_00706,mass,MALIGNANT,1,success,259885,0.019542153331215832,False,100.46740702347073,236.87396411312324,199.21398092782422,26.840610210279564,69,28,14
P_01719,mass,MALIGNANT,1,success,68315,0.005409049736495389,False,133.31790514495174,293.54319632286354,238.3299563989331,21.567308273358144,78,33,17
P_00471,mass,MALIGNANT,1,success,48892,0.0034043105484329534,False,98.21788220283307,182.6906275888866,152.63632218796718,16.818322939303446,43,18,10
