mean_fit_time,std_fit_time,mean_score_time,std_score_time,param_C,params,split0_test_score,split1_test_score,split2_test_score,split3_test_score,split4_test_score,mean_test_score,std_test_score,rank_test_score,split0_train_score,split1_train_score,split2_train_score,split3_train_score,split4_train_score,mean_train_score,std_train_score
0.1369849681854248,0.0535521368616649,0.09004077911376954,0.04337426162674519,0.0001,{'C': 0.0001},0.9526875839093033,0.9261488511488511,0.9147602397602398,0.9310439560439561,0.9457292707292707,0.9340739803183243,0.01361852655030418,9,0.9313514610389612,0.9380433697970587,0.9418087587781118,0.9377408913447506,0.9335966247146724,0.936508221134711,0.0036617325126129825
0.03826351165771484,0.0036734561774828343,0.0035120964050292967,0.0010367069558648305,0.00026826957952797245,{'C': 0.00026826957952797245},0.9562677141862662,0.92992007992008,0.9181318681318681,0.9338661338661338,0.9496003996003995,0.9375572391409495,0.013743471819221123,7,0.9360982767232768,0.9424542540320066,0.9455242544062067,0.9419132229858678,0.9381010589864165,0.9408182134267549,0.0033371612857142647
0.04337906837463379,0.0013817268461630066,0.002979469299316406,0.00015193362336409633,0.0007196856730011522,{'C': 0.0007196856730011522},0.958604743672617,0.9338411588411588,0.9210789210789211,0.9370879120879121,0.9534965034965035,0.9408218478354226,0.013633295510603691,6,0.9416115134865134,0.9475652043756471,0.9501160020456275,0.9469150316199124,0.9434645944294071,0.9459344691914214,0.0030296615089701576
0.057239437103271486,0.001722920822466352,0.003987550735473633,0.0014071184589880756,0.0019306977288832496,{'C': 0.0019306977288832496},0.9615135995226494,0.9364635364635365,0.9251998001998002,0.9408841158841159,0.9563186813186813,0.9440759466777566,0.013254446553282822,4,0.9482751623376623,0.9538439710119619,0.9559706751817989,0.9529911065098352,0.9498088460914795,0.9521779522265476,0.0027808638475508
0.06416316032409668,0.001985729679588074,0.0032356739044189452,0.0003071548173879268,0.005179474679231213,{'C': 0.005179474679231213},0.96240863209189,0.9393106893106894,0.9289210789210789,0.944005994005994,0.9586913086913087,0.9466675406041922,0.012397555837794283,2,0.9556677697302698,0.9606512953561761,0.9624131543825074,0.9597594516720509,0.9566551496176923,0.9590293641517393,0.0025120086247151837
0.09015021324157715,0.005365393750358687,0.0034942150115966795,0.0011359668451524248,0.013894954943731374,{'C': 0.013894954943731374},0.9610909452538412,0.9402597402597402,0.9315434565434565,0.94507992007992,0.9606143856143856,0.9477176895502687,0.01157024966230888,1,0.9630713036963037,0.9672949071359968,0.9686560601713836,0.9663438150952339,0.9633486547504709,0.9657429481698777,0.0021966412724528034
0.10084505081176758,0.011987659608140862,0.0035477161407470705,0.0009701720243071643,0.03727593720314938,{'C': 0.03727593720314938},0.9542538909054746,0.9388861138861138,0.9321928071928073,0.9454295704295704,0.9586163836163836,0.94587575320607,0.009682912816476015,3,0.9696865634365635,0.9727551109503437,0.9737748063514239,0.9720519265070912,0.9691347245263249,0.9714806263543494,0.0017852660221171343
0.12128996849060059,0.012190847474965452,0.002994823455810547,0.000117854468545821,0.1,{'C': 0.1},0.9458505295609368,0.9351898101898102,0.9309190809190809,0.9412837162837163,0.9541208791208792,0.9414728032148847,0.008124421476047835,5,0.9743038211788212,0.9766857716630701,0.9778114904391862,0.9763848523780421,0.9734052837060783,0.9757182438730396,0.0016194155984167625
0.15339722633361816,0.010580958559849552,0.0048869609832763675,0.001952231730722516,0.2682695795279725,{'C': 0.2682695795279725},0.9375217542638357,0.9306943056943057,0.9256493506493506,0.9352397602397602,0.9479520479520479,0.93541144375986,0.0074739479873376325,8,0.9768528346653347,0.9789122625388232,0.9802391138940514,0.979278666849609,0.9760543089146947,0.9782674373725027,0.0015636451800841507
0.2160818099975586,0.02695642056563606,0.0038702011108398436,0.0014264984856849248,0.7196856730011514,{'C': 0.7196856730011514},0.9309830441052159,0.9267732267732268,0.9208041958041958,0.9280219780219781,0.9421578421578422,0.9297480573724917,0.007033485301330384,10,0.9779798326673328,0.9802219630539721,0.9814958027216825,0.9809625675119432,0.9773421810879246,0.9796004694085709,0.0016468262536462944
0.35908994674682615,0.07177081482235463,0.0035630226135253905,0.0007085904554468453,1.9306977288832496,{'C': 1.9306977288832496},0.9267813634329471,0.923876123876124,0.9174075924075924,0.9195804195804196,0.9382867132867133,0.9251864425167593,0.00731868573035698,11,0.9783872377622377,0.9807676716019509,0.9820929637898991,0.981581556922079,0.9778333187811055,0.9801325497714544,0.0017134060664271038
0.4037951469421387,0.10786533290162273,0.004052019119262696,0.0012674041092428632,5.1794746792312125,{'C': 5.1794746792312125},0.9248669882154045,0.9225524475524475,0.9147852147852148,0.9144355644355643,0.9361888111888111,0.9225658052354884,0.007968943668500338,12,0.9785807942057942,0.9809345025009044,0.9822863005326116,0.9818169911813499,0.9780609572039765,0.9803359091249273,0.001709489944561867
0.5542441368103027,0.12968051272071884,0.003093242645263672,0.00021823951694078535,13.89495494373136,{'C': 13.89495494373136},0.9237233354880413,0.9214285714285715,0.912987012987013,0.9126623376623377,0.9351898101898102,0.9211982135511547,0.008276219836864131,13,0.9786510364635365,0.9810077833630615,0.9823128063763705,0.9819308103927854,0.9780843447131756,0.9803973562617859,0.0017200411170129565
0.5155990123748779,0.08595159800206226,0.0029894351959228516,8.425087843543492e-05,37.27593720314938,{'C': 37.27593720314938},0.9233255432350456,0.9161838161838163,0.9126373626373626,0.9115634365634365,0.9347152847152846,0.9196850886669891,0.00856796693263367,14,0.978658841158841,0.9809984283593818,0.9823346347182896,0.9819448428983047,0.9781233238951741,0.9804120142059982,0.0017147381179450694
0.6946815013885498,0.2480485363952876,0.002826833724975586,0.00029736861242906634,100.0,{'C': 100.0},0.9227785788871762,0.9147352647352647,0.9121128871128871,0.911038961038961,0.9346403596403596,0.9190612102829296,0.008807703522826114,15,0.9786760114885115,0.9809968691921019,0.9823439897219692,0.9819604345711043,0.9781326788988536,0.980421996774508,0.0017135207611992493
