full_image_id,patient_id,outcome,saved_probability,baseline_probability,prediction_minus_baseline,abs_prediction_minus_baseline,small_denominator,very_small_denominator,attribution_sum_signed_200,attribution_sum_signed_400,completeness_delta_signed_200,completeness_delta_signed_400,completeness_absolute_error_200,completeness_absolute_error_400,completeness_relative_error_200,completeness_relative_error_400,completeness_ratio_signed_200,completeness_ratio_signed_400,map_correlation_vs_400_200,map_correlation_vs_400_400,map_mae_vs_400_200,map_mae_vs_400_400,absolute_error_improvement_200_to_400,relative_error_improvement_200_to_400
8248b470-93f8-4957-ae9e-720e7837050e,P_00951,FN,0.25575852,0.2376975417137146,0.0180608928203582,0.0180608928203582,True,True,-0.0326239764690399,0.0590642690658569,-0.0506848692893981,0.0410033762454986,0.0506848692893981,0.0410033762454986,2.806332432927463,2.27028512119177,-1.80633243292747,3.270285121191782,0.9998295989124736,1.0,7.697480759816244e-05,0.0,0.009681493043899501,0.5360473117356932
b71531c4-d0d8-4a55-9f94-64fb634690aa,P_00510,TN,0.14784397,0.2376975417137146,-0.0898535400629043,0.0898535400629043,True,False,-0.1415788233280182,0.0240226686000823,-0.0517252832651138,0.1138762086629867,0.0517252832651138,0.1138762086629867,0.5756621634373245,1.2673536132606984,1.5756621634373253,-0.26735361326069745,0.9997913869594552,1.0,0.0001439144980395,0.0,-0.0621509253978729,-0.6916914498233739
85abbf91-e8e8-4b24-a897-8dfd9035d365,P_00080,FN,0.4396459,0.2376975417137146,0.20194873213768,0.20194873213768,False,False,0.2533581256866455,0.3786609768867492,0.0514093935489654,0.1767122447490692,0.0514093935489654,0.1767122447490692,0.2545665575851039,0.8750351778816533,1.2545665575851042,1.8750351778816534,0.9998840423344916,1.0,0.0001205024091177,0.0,-0.12530285120010382,-0.6204686202965495
e7eae071-2106-40cf-97ff-a4392e2b7981,P_01039,FP,0.6209673,0.2376975417137146,0.3832697868347168,0.3832697868347168,False,False,0.2976082563400268,0.6543696522712708,-0.0856615304946899,0.2710998654365539,0.0856615304946899,0.2710998654365539,0.223501912848745,0.7073342975335137,0.7764980871512549,1.7073342975335137,0.9998884940388508,1.0,0.0001693668309599,0.0,-0.185438334941864,-0.48383238468476875
d82a15cd-285c-4dd2-9a95-f70dfd2a1bf9,P_01056,TN,0.17661735,0.2376975417137146,-0.0610801875591278,0.0610801875591278,True,False,-0.2463166862726211,-0.0843211039900779,-0.1852364987134933,-0.0232409164309501,0.1852364987134933,0.0232409164309501,3.032677306928336,0.3804984457268099,4.032677306928335,1.380498445726809,0.999762217507538,1.0,0.0001661580463405,0.0,0.16199558228254318,2.6521788612015262
b4203fcd-9461-4386-8935-c9a381a3e2a0,P_00169,TN,0.11368078,0.2376975417137146,-0.1240166649222374,0.1240166649222374,False,False,-0.2641149759292602,-0.0875347852706909,-0.1400983110070228,0.0364818796515464,0.1400983110070228,0.0364818796515464,1.1296732668538474,0.2941691721384528,2.129673266853847,0.705830827861547,0.9998984790123284,1.0,0.0001111694000428,0.0,0.10361643135547641,0.8355040947153947
7371a5d4-f85a-4155-a170-3d3710120970,P_00968,FN,0.35442764,0.2376975417137146,0.1167302727699279,0.1167302727699279,False,False,0.1633536368608474,0.0895708352327346,0.0466233640909194,-0.0271594375371933,0.0466233640909194,0.0271594375371933,0.3994110780740897,0.2326683292407255,1.39941107807409,0.7673316707592743,0.9998976681249588,1.0,7.159973756643012e-05,0.0,0.0194639265537261,0.1667427488333642
4e8c790e-3b4c-496d-b138-af5a0c873e79,P_00086,FN,0.4743501,0.2376975417137146,0.2366524636745453,0.2366524636745453,False,False,0.1714360117912292,0.2911301255226135,-0.065216451883316,0.0544776618480682,0.065216451883316,0.0544776618480682,0.2755790109711451,0.2302011185608795,0.7244209890288547,1.2302011185608794,0.999880747058666,1.0,7.977446512086317e-05,0.0,0.010738790035247796,0.04537789241026563
38da94ed-0bbb-44d2-95a7-025b322f1f23,P_00047,TP,0.8563191,0.2376975417137146,0.6186216473579407,0.6186216473579407,False,False,0.6189794540405273,0.7125298976898193,0.0003578066825866,0.0939082503318786,0.0003578066825866,0.0939082503318786,0.0005783934075291,0.151802399306506,1.0005783934075292,1.151802399306506,0.9997082700337312,1.0,7.46798759792e-05,0.0,-0.093550443649292,-0.1512240058989769
935e0954-9f18-42fb-8d62-09eb0be6d04b,P_01621,TN,0.094425075,0.2376975417137146,-0.1432725712656974,0.1432725712656974,False,False,-0.2893393933773041,-0.1625620126724243,-0.1460668221116066,-0.0192894414067268,0.1460668221116066,0.0192894414067268,1.0195030411000805,0.1346345726632823,2.019503041100082,1.1346345726632827,0.9996791300874336,1.0,0.0001574602356413,0.0,0.1267773807048798,0.8848684684367982
3af29e1b-b343-4d50-990e-59972164d41f,P_01486,FP,0.7430412,0.2376975417137146,0.5053437948226929,0.5053437948226929,False,False,0.5100796818733215,0.5515003204345703,0.0047358870506286,0.0461565256118774,0.0047358870506286,0.0461565256118774,0.0093716141350668,0.0913368801294416,1.0093716141350668,1.0913368801294416,0.9998729610288856,1.0,0.0001563382393214,0.0,-0.0414206385612488,-0.0819652659943748
8f129ad6-26b3-48f0-92ef-6d7b726387d6,P_00488,FP,0.7444602,0.2376975417137146,0.506762683391571,0.506762683391571,False,False,0.550840437412262,0.5382688045501709,0.0440777540206909,0.0315061211585998,0.0440777540206909,0.0315061211585998,0.0869790840274488,0.0621713519782895,1.086979084027449,1.0621713519782896,0.9996753693407194,1.0,0.0001396936422679,0.0,0.0125716328620911,0.024807732049159308
de83735b-8472-40ea-82a6-3c9bf1e641cc,P_01413,TP,0.69402444,0.2376975417137146,0.4563268423080444,0.4563268423080444,False,False,0.3836689591407776,0.4379791021347046,-0.0726578831672668,-0.0183477401733398,0.0726578831672668,0.0183477401733398,0.1592233382541607,0.0402074532379889,0.8407766617458393,0.9597925467620112,0.9999220942317528,1.0,6.675480108242482e-05,0.0,0.054310142993927,0.11901588501617182
eb192418-85fd-409b-b79d-b54d1927e1dc,P_00797,FP,0.5872687,0.2376975417137146,0.3495709896087646,0.3495709896087646,False,False,0.4061437249183655,0.3400735259056091,0.0565727353096008,-0.0094974637031555,0.0565727353096008,0.0094974637031555,0.1618347545742177,0.0271689127115066,1.1618347545742178,0.9728310872884933,0.9998756015522062,1.0,0.0001184889915748,0.0,0.0470752716064453,0.1346658418627111
e212b36c-93c4-4136-b817-b481aa0476d3,P_00392,TP,0.6952498,0.2376975417137146,0.4575523138046264,0.4575523138046264,False,False,0.2877748608589172,0.4640717506408691,-0.1697774529457092,0.0065194368362426,0.1697774529457092,0.0065194368362426,0.371055828641714,0.0142485058856602,0.628944171358286,1.0142485058856603,0.9997279804663806,1.0,0.0001912775333039,0.0,0.1632580161094666,0.3568073227560538
9b2ca9de-b23d-4835-9144-51f453d8b8ab,P_01474,TP,0.92752194,0.2376975417137146,0.6898243427276611,0.6898243427276611,False,False,0.6488709449768066,0.6931708455085754,-0.0409533977508544,0.0033465027809143,0.0409533977508544,0.0033465027809143,0.0593678639824728,0.0048512390381611,0.9406321360175272,1.0048512390381612,0.9996343394080596,1.0,0.0001350355887552,0.0,0.0376068949699401,0.0545166249443117
