full_image_id,patient_id,binary_pathology,outcome,saved_probability,generated_probability,prediction_absolute_difference,baseline_probability,prediction_minus_baseline,integration_steps,attribution_sum_signed,completeness_delta_signed,completeness_absolute_error,completeness_relative_error,map_correlation_vs_400,map_mae_vs_400
de83735b-8472-40ea-82a6-3c9bf1e641cc,P_01413,MALIGNANT,TP,0.69402444,0.694024384021759,5.597824093150905e-08,0.2376975417137146,0.45632684230804443,25,-0.060375019907951355,-0.5167018622159958,0.5167018622159958,1.1323065274937192,0.9948178600305518,0.0006890129297971725
de83735b-8472-40ea-82a6-3c9bf1e641cc,P_01413,MALIGNANT,TP,0.69402444,0.694024384021759,5.597824093150905e-08,0.2376975417137146,0.45632684230804443,50,0.021904222667217255,-0.4344226196408272,0.4344226196408272,0.9519988292680124,0.9986879513652936,0.00035353866405785084
de83735b-8472-40ea-82a6-3c9bf1e641cc,P_01413,MALIGNANT,TP,0.69402444,0.694024384021759,5.597824093150905e-08,0.2376975417137146,0.45632684230804443,100,0.23630866408348083,-0.2200181782245636,0.2200181782245636,0.48215041901050354,0.9996258468008105,0.0002634286356624216
de83735b-8472-40ea-82a6-3c9bf1e641cc,P_01413,MALIGNANT,TP,0.69402444,0.694024384021759,5.597824093150905e-08,0.2376975417137146,0.45632684230804443,200,0.3836689591407776,-0.07265788316726685,0.07265788316726685,0.15922333825416077,0.9999220942317529,6.675480108242482e-05
de83735b-8472-40ea-82a6-3c9bf1e641cc,P_01413,MALIGNANT,TP,0.69402444,0.694024384021759,5.597824093150905e-08,0.2376975417137146,0.45632684230804443,400,0.4379791021347046,-0.018347740173339844,0.018347740173339844,0.040207453237988924,1.0,0.0
e212b36c-93c4-4136-b817-b481aa0476d3,P_00392,MALIGNANT,TP,0.6952498,0.6952498555183411,5.55183410355653e-08,0.2376975417137146,0.45755231380462646,25,0.35867172479629517,-0.0988805890083313,0.0988805890083313,0.21610772369638379,0.9830277661436861,0.0015661173965781927
e212b36c-93c4-4136-b817-b481aa0476d3,P_00392,MALIGNANT,TP,0.6952498,0.6952498555183411,5.55183410355653e-08,0.2376975417137146,0.45755231380462646,50,0.0753423422574997,-0.38220997154712677,0.38220997154712677,0.8353361135232491,0.9941800525601113,0.0007917770999483764
e212b36c-93c4-4136-b817-b481aa0476d3,P_00392,MALIGNANT,TP,0.6952498,0.6952498555183411,5.55183410355653e-08,0.2376975417137146,0.45755231380462646,100,0.17650963366031647,-0.28104268014431,0.28104268014431,0.614230704697768,0.9986122475047513,0.00036749683204106987
e212b36c-93c4-4136-b817-b481aa0476d3,P_00392,MALIGNANT,TP,0.6952498,0.6952498555183411,5.55183410355653e-08,0.2376975417137146,0.45755231380462646,200,0.28777486085891724,-0.16977745294570923,0.16977745294570923,0.371055828641714,0.9997279804663806,0.00019127753330394626
e212b36c-93c4-4136-b817-b481aa0476d3,P_00392,MALIGNANT,TP,0.6952498,0.6952498555183411,5.55183410355653e-08,0.2376975417137146,0.45755231380462646,400,0.46407175064086914,0.006519436836242676,0.006519436836242676,0.014248505885660227,1.0,0.0
38da94ed-0bbb-44d2-95a7-025b322f1f23,P_00047,MALIGNANT,TP,0.8563191,0.8563191890716553,8.90716552737203e-08,0.2376975417137146,0.6186216473579407,25,0.2601676881313324,-0.3584539592266083,0.3584539592266083,0.5794397282369966,0.983770681066864,0.0005689971148967743
38da94ed-0bbb-44d2-95a7-025b322f1f23,P_00047,MALIGNANT,TP,0.8563191,0.8563191890716553,8.90716552737203e-08,0.2376975417137146,0.6186216473579407,50,0.5398701429367065,-0.07875150442123413,0.07875150442123413,0.12730156592090242,0.9952981932599286,0.00031495673465542495
38da94ed-0bbb-44d2-95a7-025b322f1f23,P_00047,MALIGNANT,TP,0.8563191,0.8563191890716553,8.90716552737203e-08,0.2376975417137146,0.6186216473579407,100,0.5555517077445984,-0.06306993961334229,0.06306993961334229,0.1019523643938205,0.998700319055552,0.00015970919048413634
38da94ed-0bbb-44d2-95a7-025b322f1f23,P_00047,MALIGNANT,TP,0.8563191,0.8563191890716553,8.90716552737203e-08,0.2376975417137146,0.6186216473579407,200,0.6189794540405273,0.0003578066825866699,0.0003578066825866699,0.0005783934075291733,0.9997082700337311,7.46798759792e-05
38da94ed-0bbb-44d2-95a7-025b322f1f23,P_00047,MALIGNANT,TP,0.8563191,0.8563191890716553,8.90716552737203e-08,0.2376975417137146,0.6186216473579407,400,0.7125298976898193,0.09390825033187866,0.09390825033187866,0.15180239930650602,1.0,0.0
9b2ca9de-b23d-4835-9144-51f453d8b8ab,P_01474,MALIGNANT,TP,0.92752194,0.9275218844413757,5.5558624256768496e-08,0.2376975417137146,0.6898243427276611,25,0.3329553008079529,-0.35686904191970825,0.35686904191970825,0.5173332105222592,0.9801856992299918,0.0025737422984093428
9b2ca9de-b23d-4835-9144-51f453d8b8ab,P_01474,MALIGNANT,TP,0.92752194,0.9275218844413757,5.5558624256768496e-08,0.2376975417137146,0.6898243427276611,50,0.43613380193710327,-0.25369054079055786,0.25369054079055786,0.36776107347477804,0.9939954934744698,0.0005178354913368821
9b2ca9de-b23d-4835-9144-51f453d8b8ab,P_01474,MALIGNANT,TP,0.92752194,0.9275218844413757,5.5558624256768496e-08,0.2376975417137146,0.6898243427276611,100,0.7034499645233154,0.013625621795654297,0.013625621795654297,0.019752306423076776,0.9987197629720894,0.0002888960880227387
9b2ca9de-b23d-4835-9144-51f453d8b8ab,P_01474,MALIGNANT,TP,0.92752194,0.9275218844413757,5.5558624256768496e-08,0.2376975417137146,0.6898243427276611,200,0.6488709449768066,-0.04095339775085449,0.04095339775085449,0.05936786398247281,0.9996343394080595,0.00013503558875527233
9b2ca9de-b23d-4835-9144-51f453d8b8ab,P_01474,MALIGNANT,TP,0.92752194,0.9275218844413757,5.5558624256768496e-08,0.2376975417137146,0.6898243427276611,400,0.6931708455085754,0.0033465027809143066,0.0033465027809143066,0.004851239038161179,1.0,0.0
b71531c4-d0d8-4a55-9f94-64fb634690aa,P_00510,BENIGN,TN,0.14784397,0.14784400165081024,3.1650810250472006e-08,0.2376975417137146,-0.08985354006290436,25,-0.3117698132991791,-0.22191627323627472,0.22191627323627472,2.4697554829883868,0.9848340975159758,0.0011798141058534384
b71531c4-d0d8-4a55-9f94-64fb634690aa,P_00510,BENIGN,TN,0.14784397,0.14784400165081024,3.1650810250472006e-08,0.2376975417137146,-0.08985354006290436,50,-0.27817511558532715,-0.1883215755224228,0.1883215755224228,2.095872632181028,0.9954457404716582,0.0006604970549233258
b71531c4-d0d8-4a55-9f94-64fb634690aa,P_00510,BENIGN,TN,0.14784397,0.14784400165081024,3.1650810250472006e-08,0.2376975417137146,-0.08985354006290436,100,-0.25608041882514954,-0.16622687876224518,0.16622687876224518,1.8499758456469677,0.9988980447208841,0.0003197946643922478
b71531c4-d0d8-4a55-9f94-64fb634690aa,P_00510,BENIGN,TN,0.14784397,0.14784400165081024,3.1650810250472006e-08,0.2376975417137146,-0.08985354006290436,200,-0.1415788233280182,-0.05172528326511383,0.05172528326511383,0.5756621634373245,0.9997913869594551,0.00014391449803952128
b71531c4-d0d8-4a55-9f94-64fb634690aa,P_00510,BENIGN,TN,0.14784397,0.14784400165081024,3.1650810250472006e-08,0.2376975417137146,-0.08985354006290436,400,0.024022668600082397,0.11387620866298676,0.11387620866298676,1.2673536132606984,1.0,0.0
b4203fcd-9461-4386-8935-c9a381a3e2a0,P_00169,BENIGN,TN,0.11368078,0.1136808767914772,9.679147720820236e-08,0.2376975417137146,-0.1240166649222374,25,-0.12963515520095825,-0.005618490278720856,0.005618490278720856,0.045304316821000126,0.9880025495629406,0.0010727423941716552
b4203fcd-9461-4386-8935-c9a381a3e2a0,P_00169,BENIGN,TN,0.11368078,0.1136808767914772,9.679147720820236e-08,0.2376975417137146,-0.1240166649222374,50,-0.11444568634033203,0.009570978581905365,0.009570978581905365,0.07717493925438722,0.9973931885758999,0.0005746580427512527
b4203fcd-9461-4386-8935-c9a381a3e2a0,P_00169,BENIGN,TN,0.11368078,0.1136808767914772,9.679147720820236e-08,0.2376975417137146,-0.1240166649222374,100,-0.25766289234161377,-0.13364622741937637,0.13364622741937637,1.0776473266974003,0.9995059394085203,0.00024421277339570224
b4203fcd-9461-4386-8935-c9a381a3e2a0,P_00169,BENIGN,TN,0.11368078,0.1136808767914772,9.679147720820236e-08,0.2376975417137146,-0.1240166649222374,200,-0.26411497592926025,-0.14009831100702286,0.14009831100702286,1.1296732668538474,0.9998984790123284,0.00011116940004285425
b4203fcd-9461-4386-8935-c9a381a3e2a0,P_00169,BENIGN,TN,0.11368078,0.1136808767914772,9.679147720820236e-08,0.2376975417137146,-0.1240166649222374,400,-0.08753478527069092,0.03648187965154648,0.03648187965154648,0.29416917213845284,1.0,0.0
d82a15cd-285c-4dd2-9a95-f70dfd2a1bf9,P_01056,BENIGN,TN,0.17661735,0.1766173541545868,4.154586785709569e-09,0.2376975417137146,-0.06108018755912781,25,-0.5770965814590454,-0.5160163938999176,0.5160163938999176,8.448179590155895,0.9804086926713127,0.0013927374966442585
d82a15cd-285c-4dd2-9a95-f70dfd2a1bf9,P_01056,BENIGN,TN,0.17661735,0.1766173541545868,4.154586785709569e-09,0.2376975417137146,-0.06108018755912781,50,-0.3412042558193207,-0.28012406826019287,0.28012406826019287,4.586169091066113,0.9936937129871056,0.0019698503892868757
d82a15cd-285c-4dd2-9a95-f70dfd2a1bf9,P_01056,BENIGN,TN,0.17661735,0.1766173541545868,4.154586785709569e-09,0.2376975417137146,-0.06108018755912781,100,-0.14573198556900024,-0.08465179800987244,0.08465179800987244,1.385912542064912,0.9988635807915952,0.00044812203850597143
d82a15cd-285c-4dd2-9a95-f70dfd2a1bf9,P_01056,BENIGN,TN,0.17661735,0.1766173541545868,4.154586785709569e-09,0.2376975417137146,-0.06108018755912781,200,-0.24631668627262115,-0.18523649871349335,0.18523649871349335,3.0326773069283357,0.9997622175075379,0.00016615804634056985
d82a15cd-285c-4dd2-9a95-f70dfd2a1bf9,P_01056,BENIGN,TN,0.17661735,0.1766173541545868,4.154586785709569e-09,0.2376975417137146,-0.06108018755912781,400,-0.08432110399007797,-0.023240916430950165,0.023240916430950165,0.38049844572680996,1.0,0.0
935e0954-9f18-42fb-8d62-09eb0be6d04b,P_01621,BENIGN,TN,0.094425075,0.09442497044801712,1.0455198287684375e-07,0.2376975417137146,-0.14327257126569748,25,0.007993116974830627,0.1512656882405281,0.1512656882405281,1.055789582780695,0.9802228215995685,0.0010822633048519492
935e0954-9f18-42fb-8d62-09eb0be6d04b,P_01621,BENIGN,TN,0.094425075,0.09442497044801712,1.0455198287684375e-07,0.2376975417137146,-0.14327257126569748,50,-0.21663430333137512,-0.07336173206567764,0.07336173206567764,0.5120431036979791,0.9940751711072957,0.0007143960101529956
935e0954-9f18-42fb-8d62-09eb0be6d04b,P_01621,BENIGN,TN,0.094425075,0.09442497044801712,1.0455198287684375e-07,0.2376975417137146,-0.14327257126569748,100,-0.10350553691387177,0.039767034351825714,0.039767034351825714,0.27756209022087114,0.9981280847936278,0.0004012442659586668
935e0954-9f18-42fb-8d62-09eb0be6d04b,P_01621,BENIGN,TN,0.094425075,0.09442497044801712,1.0455198287684375e-07,0.2376975417137146,-0.14327257126569748,200,-0.2893393933773041,-0.1460668221116066,0.1460668221116066,1.0195030411000805,0.9996791300874335,0.00015746023564133793
935e0954-9f18-42fb-8d62-09eb0be6d04b,P_01621,BENIGN,TN,0.094425075,0.09442497044801712,1.0455198287684375e-07,0.2376975417137146,-0.14327257126569748,400,-0.16256201267242432,-0.019289441406726837,0.019289441406726837,0.1346345726632823,1.0,0.0
e7eae071-2106-40cf-97ff-a4392e2b7981,P_01039,BENIGN,FP,0.6209673,0.6209673285484314,2.8548431396657747e-08,0.2376975417137146,0.3832697868347168,25,0.8610241413116455,0.4777543544769287,0.4777543544769287,1.2465223476719232,0.9922796753905603,0.0013759816065430641
e7eae071-2106-40cf-97ff-a4392e2b7981,P_01039,BENIGN,FP,0.6209673,0.6209673285484314,2.8548431396657747e-08,0.2376975417137146,0.3832697868347168,50,0.4460935592651367,0.06282377243041992,0.06282377243041992,0.16391527479705142,0.9977708821376288,0.0007237392128445208
e7eae071-2106-40cf-97ff-a4392e2b7981,P_01039,BENIGN,FP,0.6209673,0.6209673285484314,2.8548431396657747e-08,0.2376975417137146,0.3832697868347168,100,0.46446549892425537,0.08119571208953857,0.08119571208953857,0.21185002021710056,0.9994643038160846,0.0003604370867833495
e7eae071-2106-40cf-97ff-a4392e2b7981,P_01039,BENIGN,FP,0.6209673,0.6209673285484314,2.8548431396657747e-08,0.2376975417137146,0.3832697868347168,200,0.29760825634002686,-0.08566153049468994,0.08566153049468994,0.223501912848745,0.9998884940388509,0.00016936683095991611
e7eae071-2106-40cf-97ff-a4392e2b7981,P_01039,BENIGN,FP,0.6209673,0.6209673285484314,2.8548431396657747e-08,0.2376975417137146,0.3832697868347168,400,0.6543696522712708,0.27109986543655396,0.27109986543655396,0.7073342975335137,1.0,0.0
eb192418-85fd-409b-b79d-b54d1927e1dc,P_00797,BENIGN,FP,0.5872687,0.5872685313224792,1.6867752072879938e-07,0.2376975417137146,0.34957098960876465,25,-0.15739509463310242,-0.5069660842418671,0.5069660842418671,1.4502521642578436,0.9967771533456399,0.0006064737681299448
eb192418-85fd-409b-b79d-b54d1927e1dc,P_00797,BENIGN,FP,0.5872687,0.5872685313224792,1.6867752072879938e-07,0.2376975417137146,0.34957098960876465,50,-0.01504574716091156,-0.3646167367696762,0.3646167367696762,1.0430406057944068,0.9982183499602956,0.00047366126091219485
eb192418-85fd-409b-b79d-b54d1927e1dc,P_00797,BENIGN,FP,0.5872687,0.5872685313224792,1.6867752072879938e-07,0.2376975417137146,0.34957098960876465,100,0.3607698976993561,0.01119890809059143,0.01119890809059143,0.03203614837468379,0.9992640030495973,0.0002728055405896157
eb192418-85fd-409b-b79d-b54d1927e1dc,P_00797,BENIGN,FP,0.5872687,0.5872685313224792,1.6867752072879938e-07,0.2376975417137146,0.34957098960876465,200,0.4061437249183655,0.05657273530960083,0.05657273530960083,0.1618347545742177,0.9998756015522062,0.00011848899157484993
eb192418-85fd-409b-b79d-b54d1927e1dc,P_00797,BENIGN,FP,0.5872687,0.5872685313224792,1.6867752072879938e-07,0.2376975417137146,0.34957098960876465,400,0.34007352590560913,-0.009497463703155518,0.009497463703155518,0.027168912711506628,1.0,0.0
8f129ad6-26b3-48f0-92ef-6d7b726387d6,P_00488,BENIGN,FP,0.7444602,0.7444602251052856,2.5105285628157503e-08,0.2376975417137146,0.506762683391571,25,0.15072228014469147,-0.3560404032468796,0.3560404032468796,0.7025781789299003,0.9908027376693826,0.0008386299014091492
8f129ad6-26b3-48f0-92ef-6d7b726387d6,P_00488,BENIGN,FP,0.7444602,0.7444602251052856,2.5105285628157503e-08,0.2376975417137146,0.506762683391571,50,0.5398855805397034,0.033122897148132324,0.033122897148132324,0.0653617526185103,0.9945014659071255,0.000557744235266
8f129ad6-26b3-48f0-92ef-6d7b726387d6,P_00488,BENIGN,FP,0.7444602,0.7444602251052856,2.5105285628157503e-08,0.2376975417137146,0.506762683391571,100,0.7151938676834106,0.2084311842918396,0.2084311842918396,0.41129939342985655,0.9983365449944904,0.00034227126161567867
8f129ad6-26b3-48f0-92ef-6d7b726387d6,P_00488,BENIGN,FP,0.7444602,0.7444602251052856,2.5105285628157503e-08,0.2376975417137146,0.506762683391571,200,0.550840437412262,0.04407775402069092,0.04407775402069092,0.08697908402744886,0.9996753693407194,0.00013969364226795733
8f129ad6-26b3-48f0-92ef-6d7b726387d6,P_00488,BENIGN,FP,0.7444602,0.7444602251052856,2.5105285628157503e-08,0.2376975417137146,0.506762683391571,400,0.5382688045501709,0.031506121158599854,0.031506121158599854,0.06217135197828951,1.0,0.0
3af29e1b-b343-4d50-990e-59972164d41f,P_01486,BENIGN,FP,0.7430412,0.7430413365364075,1.3653640751343232e-07,0.2376975417137146,0.5053437948226929,25,0.11851811408996582,-0.38682568073272705,0.38682568073272705,0.7654703287065203,0.9925607133977733,0.0012057367712259293
3af29e1b-b343-4d50-990e-59972164d41f,P_01486,BENIGN,FP,0.7430412,0.7430413365364075,1.3653640751343232e-07,0.2376975417137146,0.5053437948226929,50,0.538568913936615,0.03322511911392212,0.03322511911392212,0.0657475553362234,0.9967428277068966,0.0007679650443606079
3af29e1b-b343-4d50-990e-59972164d41f,P_01486,BENIGN,FP,0.7430412,0.7430413365364075,1.3653640751343232e-07,0.2376975417137146,0.5053437948226929,100,0.6664829254150391,0.1611391305923462,0.1611391305923462,0.31887030620190787,0.9993418028273989,0.0003622224903665483
3af29e1b-b343-4d50-990e-59972164d41f,P_01486,BENIGN,FP,0.7430412,0.7430413365364075,1.3653640751343232e-07,0.2376975417137146,0.5053437948226929,200,0.5100796818733215,0.004735887050628662,0.004735887050628662,0.009371614135066833,0.9998729610288856,0.00015633823932148516
3af29e1b-b343-4d50-990e-59972164d41f,P_01486,BENIGN,FP,0.7430412,0.7430413365364075,1.3653640751343232e-07,0.2376975417137146,0.5053437948226929,400,0.5515003204345703,0.04615652561187744,0.04615652561187744,0.09133688012944162,1.0,0.0
85abbf91-e8e8-4b24-a897-8dfd9035d365,P_00080,MALIGNANT,FN,0.4396459,0.43964627385139465,3.7385139467494e-07,0.2376975417137146,0.20194873213768005,25,-0.25312232971191406,-0.4550710618495941,0.4550710618495941,2.2533989544403084,0.9958327668842712,0.0008058385574258864
85abbf91-e8e8-4b24-a897-8dfd9035d365,P_00080,MALIGNANT,FN,0.4396459,0.43964627385139465,3.7385139467494e-07,0.2376975417137146,0.20194873213768005,50,0.0311773419380188,-0.17077139019966125,0.17077139019966125,0.8456175406104386,0.9981229031924279,0.0005024825222790241
85abbf91-e8e8-4b24-a897-8dfd9035d365,P_00080,MALIGNANT,FN,0.4396459,0.43964627385139465,3.7385139467494e-07,0.2376975417137146,0.20194873213768005,100,0.579176664352417,0.37722793221473694,0.37722793221473694,1.8679390963324245,0.99927850656185,0.00029354391153901815
85abbf91-e8e8-4b24-a897-8dfd9035d365,P_00080,MALIGNANT,FN,0.4396459,0.43964627385139465,3.7385139467494e-07,0.2376975417137146,0.20194873213768005,200,0.2533581256866455,0.051409393548965454,0.051409393548965454,0.25456655758510394,0.9998840423344915,0.000120502409117762
85abbf91-e8e8-4b24-a897-8dfd9035d365,P_00080,MALIGNANT,FN,0.4396459,0.43964627385139465,3.7385139467494e-07,0.2376975417137146,0.20194873213768005,400,0.37866097688674927,0.1767122447490692,0.1767122447490692,0.8750351778816533,1.0,0.0
4e8c790e-3b4c-496d-b138-af5a0c873e79,P_00086,MALIGNANT,FN,0.4743501,0.4743500053882599,9.461174010905182e-08,0.2376975417137146,0.2366524636745453,25,0.32217904925346375,0.08552658557891846,0.08552658557891846,0.36140162773263296,0.9934822456634625,0.000693684327416122
4e8c790e-3b4c-496d-b138-af5a0c873e79,P_00086,MALIGNANT,FN,0.4743501,0.4743500053882599,9.461174010905182e-08,0.2376975417137146,0.2366524636745453,50,-0.0526159405708313,-0.2892684042453766,0.2892684042453766,1.2223342185154304,0.9970919082636531,0.0005447210860438645
4e8c790e-3b4c-496d-b138-af5a0c873e79,P_00086,MALIGNANT,FN,0.4743501,0.4743500053882599,9.461174010905182e-08,0.2376975417137146,0.2366524636745453,100,0.12011414766311646,-0.11653831601142883,0.11653831601142883,0.4924449726908289,0.9994572652378234,0.0001842229685280472
4e8c790e-3b4c-496d-b138-af5a0c873e79,P_00086,MALIGNANT,FN,0.4743501,0.4743500053882599,9.461174010905182e-08,0.2376975417137146,0.2366524636745453,200,0.17143601179122925,-0.06521645188331604,0.06521645188331604,0.2755790109711451,0.9998807470586661,7.977446512086317e-05
4e8c790e-3b4c-496d-b138-af5a0c873e79,P_00086,MALIGNANT,FN,0.4743501,0.4743500053882599,9.461174010905182e-08,0.2376975417137146,0.2366524636745453,400,0.2911301255226135,0.05447766184806824,0.05447766184806824,0.23020111856087955,1.0,0.0
8248b470-93f8-4957-ae9e-720e7837050e,P_00951,MALIGNANT,FN,0.25575852,0.2557584345340729,8.546592711322631e-08,0.2376975417137146,0.018060892820358276,25,-0.2546359896659851,-0.2726968824863434,0.2726968824863434,15.098748727358533,0.992643115149258,0.000527446623891592
8248b470-93f8-4957-ae9e-720e7837050e,P_00951,MALIGNANT,FN,0.25575852,0.2557584345340729,8.546592711322631e-08,0.2376975417137146,0.018060892820358276,50,-0.3110024929046631,-0.32906338572502136,0.32906338572502136,18.21966328010653,0.9966060965821278,0.0003473730175755918
8248b470-93f8-4957-ae9e-720e7837050e,P_00951,MALIGNANT,FN,0.25575852,0.2557584345340729,8.546592711322631e-08,0.2376975417137146,0.018060892820358276,100,-0.13056138157844543,-0.1486222743988037,0.1486222743988037,8.228955006658163,0.9991271694938965,0.00019180132949259132
8248b470-93f8-4957-ae9e-720e7837050e,P_00951,MALIGNANT,FN,0.25575852,0.2557584345340729,8.546592711322631e-08,0.2376975417137146,0.018060892820358276,200,-0.03262397646903992,-0.05068486928939819,0.05068486928939819,2.806332432927463,0.9998295989124737,7.697480759816244e-05
8248b470-93f8-4957-ae9e-720e7837050e,P_00951,MALIGNANT,FN,0.25575852,0.2557584345340729,8.546592711322631e-08,0.2376975417137146,0.018060892820358276,400,0.059064269065856934,0.04100337624549866,0.04100337624549866,2.27028512119177,1.0,0.0
7371a5d4-f85a-4155-a170-3d3710120970,P_00968,MALIGNANT,FN,0.35442764,0.3544278144836426,1.7448364258987326e-07,0.2376975417137146,0.11673027276992798,25,-0.6238183379173279,-0.7405486106872559,0.7405486106872559,6.344100747086028,0.9951242853619854,0.0005180472508072853
7371a5d4-f85a-4155-a170-3d3710120970,P_00968,MALIGNANT,FN,0.35442764,0.3544278144836426,1.7448364258987326e-07,0.2376975417137146,0.11673027276992798,50,-0.17965064942836761,-0.2963809221982956,0.2963809221982956,2.5390236411291003,0.9984883833438966,0.00028897469746880233
7371a5d4-f85a-4155-a170-3d3710120970,P_00968,MALIGNANT,FN,0.35442764,0.3544278144836426,1.7448364258987326e-07,0.2376975417137146,0.11673027276992798,100,0.018506407737731934,-0.09822386503219604,0.09822386503219604,0.8414600831593401,0.9994561155671035,0.0001637141831452027
7371a5d4-f85a-4155-a170-3d3710120970,P_00968,MALIGNANT,FN,0.35442764,0.3544278144836426,1.7448364258987326e-07,0.2376975417137146,0.11673027276992798,200,0.16335363686084747,0.046623364090919495,0.046623364090919495,0.3994110780740897,0.9998976681249587,7.159973756643012e-05
7371a5d4-f85a-4155-a170-3d3710120970,P_00968,MALIGNANT,FN,0.35442764,0.3544278144836426,1.7448364258987326e-07,0.2376975417137146,0.11673027276992798,400,0.08957083523273468,-0.0271594375371933,0.0271594375371933,0.2326683292407255,1.0,0.0
